id,name,1,2,3,4,5,6,7,8,9,10,11,12,13,14,15,16,17,18,19,20,21,22,23,24,25,26,1,2,3,4,5,6,7,8,9,10,11,12,13,14,15,16,17,18,19,20,21,22,23,24,25,26
,,05/01 - 11/01,12/01 - 18/01,19/01 - 25/01,26/01 - 01/02,02/02 - 08/02,09/02 - 15/02,16/02 - 22/02,23/02 - 01/03,02/03 - 08/03,09/03 - 15/03,16/03 - 22/03,23/03 - 29/03,30/03 - 05/04,06/04 - 12/04,13/04 - 19/04,20/04 - 26/04,27/04 - 03/05,04/05 - 10/05,11/05 - 17/05,18/05 - 24/05,25/05 - 31/05,01/06 - 07/06,08/06 - 14/06,15/06 - 21/06,22/06 - 28/06,29/06 - 05/07,06/07 - 12/07,13/07 - 19/07,20/07 - 26/07,27/07 - 02/08,03/08 - 09/08,10/08 - 16/08,17/08 - 23/08,24/08 - 30/08,31/08 - 06/09,07/09 - 13/09,14/09 - 20/09,21/09 - 27/09,28/09 - 04/10,05/10 - 11/10,12/10 - 18/10,19/10 - 25/10,26/10 - 01/11,02/11 - 08/11,09/11 - 15/11,16/11 - 22/11,23/11 - 29/11,30/11 - 06/12,07/12 - 13/12,14/12 - 20/12,21/12 - 27/12,28/12 - 03/01
1000001,Worker 1,"Kitchen
(05/01/2025-11/01/2025)","Maintenance
(12/01/2025-18/01/2025)","Training
(19/01/2025-25/01/2025)",,,,,,,,,"Maintenance
(23/03/2025-29/03/2025)",,,"Maintenance
(13/04/2025-19/04/2025)",,,"Test3
(04/05/2025-10/05/2025)",,,,,,,,"RASAR
(29/06/2025-05/07/2025)",,,,,"Maintenance
(03/08/2025-09/08/2025)",,,,,,,,,,,,"Security
(26/10/2025-01/11/2025)","Maintenance
(02/11/2025-08/11/2025)",,,,"RASAR
(30/11/2025-06/12/2025)",,,"Test2
(21/12/2025-27/12/2025)",
1000002,Worker 2,,,,"Test3
(26/01/2025-01/02/2025)","Test3
(02/02/2025-08/02/2025)",,"Security
(16/02/2025-22/02/2025)",,,,,,,,,"Guarding Duties
(20/04/2025-26/04/2025)",,,"Test3
(11/05/2025-17/05/2025)",,,,"Security
(08/06/2025-14/06/2025)",,"Test3
(22/06/2025-28/06/2025)",,,,,,,,,,,,,,,,"Training
(12/10/2025-18/10/2025)",,"Guarding Duties
(26/10/2025-01/11/2025)",,,,,,,,,
1000003,Worker 3,,"Guarding Duties
(12/01/2025-18/01/2025)",,,,,,,,,,,,,,,,,,"Test1
(18/05/2025-24/05/2025)","Cleaning
(25/05/2025-31/05/2025)",,,"Guarding Duties
(15/06/2025-21/06/2025)",,"Cleaning
(29/06/2025-05/07/2025)","Guarding Duties
(06/07/2025-12/07/2025)",,,"Security
(27/07/2025-02/08/2025)","Test2
(03/08/2025-09/08/2025)",,,,,,,,,"RASAR
(05/10/2025-11/10/2025)","RASAR
(12/10/2025-18/10/2025)","Maintenance
(19/10/2025-25/10/2025)",,,"Security
(09/11/2025-15/11/2025)",,"Test2
(23/11/2025-29/11/2025)","Kitchen
(30/11/2025-06/12/2025)","Test2
(07/12/2025-13/12/2025)","Test1
(14/12/2025-20/12/2025)",,
1000004,Worker 4,,,"Guarding Duties
(19/01/2025-25/01/2025)","Test1
(26/01/2025-01/02/2025)",,"Test2
(09/02/2025-15/02/2025)",,"Security
(23/02/2025-01/03/2025)",,,"RASAR
(16/03/2025-22/03/2025)",,,,"Security
(13/04/2025-19/04/2025)","Maintenance
(20/04/2025-26/04/2025)",,"Maintenance
(04/05/2025-10/05/2025)",,,"Training
(25/05/2025-31/05/2025)","Test2
(01/06/2025-07/06/2025)",,,,"Security
(29/06/2025-05/07/2025)","RASAR
(06/07/2025-12/07/2025)",,"Maintenance
(20/07/2025-26/07/2025)",,,,,"Training
(24/08/2025-30/08/2025)",,,,,"Training
(28/09/2025-04/10/2025)","Test2
(05/10/2025-11/10/2025)",,"Test3
(19/10/2025-25/10/2025)",,,"Kitchen
(09/11/2025-15/11/2025)",,,"Test1
(30/11/2025-06/12/2025)","Test3
(07/12/2025-13/12/2025)",,,
1000005,Worker 5,,,"Test1
(19/01/2025-25/01/2025)","Security
(26/01/2025-01/02/2025)",,"RASAR
(09/02/2025-15/02/2025)","Kitchen
(16/02/2025-22/02/2025)",,,,,,"Training
(30/03/2025-05/04/2025)","Test1
(06/04/2025-12/04/2025)","Kitchen
(13/04/2025-19/04/2025)",,,,"Test3
(11/05/2025-17/05/2025)","Kitchen
(18/05/2025-24/05/2025)","Kitchen
(25/05/2025-31/05/2025)",,,"Test1
(15/06/2025-21/06/2025)","Guarding Duties
(22/06/2025-28/06/2025)","Guarding Duties
(29/06/2025-05/07/2025)",,"Kitchen
(13/07/2025-19/07/2025)",,"Cleaning
(27/07/2025-02/08/2025)",,,,"Cleaning
(24/08/2025-30/08/2025)",,,,,,,,,,,"Security
(09/11/2025-15/11/2025)","Cleaning
(16/11/2025-22/11/2025)","Kitchen
(23/11/2025-29/11/2025)",,,,,
1000006,Worker 6,"Maintenance
(05/01/2025-11/01/2025)",,,"Test1
(26/01/2025-01/02/2025)",,"Test2
(09/02/2025-15/02/2025)","Test2
(16/02/2025-22/02/2025)",,,,"Guarding Duties
(16/03/2025-22/03/2025)",,,,"Kitchen
(13/04/2025-19/04/2025)",,"Maintenance
(27/04/2025-03/05/2025)",,,"Test1
(18/05/2025-24/05/2025)",,,,"Test2
(15/06/2025-21/06/2025)","Maintenance
(22/06/2025-28/06/2025)",,,,"RASAR
(20/07/2025-26/07/2025)","Maintenance
(27/07/2025-02/08/2025)",,"Kitchen
(10/08/2025-16/08/2025)",,"Test2
(24/08/2025-30/08/2025)",,"Test3
(07/09/2025-13/09/2025)",,,"Security
(28/09/2025-04/10/2025)","Test2
(05/10/2025-11/10/2025)","Training
(12/10/2025-18/10/2025)","Guarding Duties
(19/10/2025-25/10/2025)",,,,,,"Cleaning
(30/11/2025-06/12/2025)",,,,
1000007,Worker 7,"Test2
(05/01/2025-11/01/2025)",,"Maintenance
(19/01/2025-25/01/2025)",,,"Kitchen
(09/02/2025-15/02/2025)",,"Test3
(23/02/2025-01/03/2025)",,,"Guarding Duties
(16/03/2025-22/03/2025)",,,"Test3
(06/04/2025-12/04/2025)",,,"Test3
(27/04/2025-03/05/2025)",,"Test1
(11/05/2025-17/05/2025)",,,,,,,,,"Security
(13/07/2025-19/07/2025)",,,"Security
(03/08/2025-09/08/2025)",,,,,,,,,,,,,,,,,,"Kitchen
(07/12/2025-13/12/2025)","RASAR
(14/12/2025-20/12/2025)",,
1000008,Worker 8,,,,,"Guarding Duties
(02/02/2025-08/02/2025)",,"Cleaning
(16/02/2025-22/02/2025)","Test1
(23/02/2025-01/03/2025)",,"Kitchen
(09/03/2025-15/03/2025)","Test1
(16/03/2025-22/03/2025)",,,,,,,,,"RASAR
(18/05/2025-24/05/2025)",,,"Cleaning
(08/06/2025-14/06/2025)","Test1
(15/06/2025-21/06/2025)",,"Security
(29/06/2025-05/07/2025)",,,,,"Training
(03/08/2025-09/08/2025)",,,,,"Security
(07/09/2025-13/09/2025)","Maintenance
(14/09/2025-20/09/2025)","Maintenance
(21/09/2025-27/09/2025)",,,,,,,"Test1
(09/11/2025-15/11/2025)","Guarding Duties
(16/11/2025-22/11/2025)",,"Test3
(30/11/2025-06/12/2025)","Security
(07/12/2025-13/12/2025)","Test3
(14/12/2025-20/12/2025)",,
1000009,Worker 9,,"Maintenance
(12/01/2025-18/01/2025)",,,,"Test3
(09/02/2025-15/02/2025)",,"Test2
(23/02/2025-01/03/2025)",,"Maintenance
(09/03/2025-15/03/2025)",,"Kitchen
(23/03/2025-29/03/2025)",,"Security
(06/04/2025-12/04/2025)",,"Cleaning
(20/04/2025-26/04/2025)",,,"RASAR
(11/05/2025-17/05/2025)",,"Guarding Duties
(25/05/2025-31/05/2025)",,,,,,,"RASAR
(13/07/2025-19/07/2025)",,,,"Test2
(10/08/2025-16/08/2025)","Training
(17/08/2025-23/08/2025)",,,,,,,"Guarding Duties
(05/10/2025-11/10/2025)",,,,"Security
(02/11/2025-08/11/2025)",,,"Test2
(23/11/2025-29/11/2025)","Guarding Duties
(30/11/2025-06/12/2025)","Kitchen
(07/12/2025-13/12/2025)",,,
1000010,Worker 10,,,"Test1
(19/01/2025-25/01/2025)","Maintenance
(26/01/2025-01/02/2025)",,,"Test3
(16/02/2025-22/02/2025)",,,"Maintenance
(09/03/2025-15/03/2025)",,"RASAR
(23/03/2025-29/03/2025)",,,,,,"Maintenance
(04/05/2025-10/05/2025)",,,"Security
(25/05/2025-31/05/2025)",,,"Kitchen
(15/06/2025-21/06/2025)","Kitchen
(22/06/2025-28/06/2025)","Guarding Duties
(29/06/2025-05/07/2025)",,"Test2
(13/07/2025-19/07/2025)","Guarding Duties
(20/07/2025-26/07/2025)",,,,,"Test3
(24/08/2025-30/08/2025)",,,,,,,,"Training
(19/10/2025-25/10/2025)",,"Maintenance
(02/11/2025-08/11/2025)",,,,"Maintenance
(30/11/2025-06/12/2025)","Maintenance
(07/12/2025-13/12/2025)","Test3
(14/12/2025-20/12/2025)",,
1000011,Worker 11,"Test2
(05/01/2025-11/01/2025)",,,,,,"Kitchen
(16/02/2025-22/02/2025)",,,,"Guarding Duties
(16/03/2025-22/03/2025)",,,"Test1
(06/04/2025-12/04/2025)","Maintenance
(13/04/2025-19/04/2025)","Cleaning
(20/04/2025-26/04/2025)",,,,"Test1
(18/05/2025-24/05/2025)","Guarding Duties
(25/05/2025-31/05/2025)",,"Kitchen
(08/06/2025-14/06/2025)","Training
(15/06/2025-21/06/2025)",,"Cleaning
(29/06/2025-05/07/2025)",,,"RASAR
(20/07/2025-26/07/2025)",,,"Test3
(10/08/2025-16/08/2025)","Maintenance
(17/08/2025-23/08/2025)",,"Test3
(31/08/2025-06/09/2025)",,,"Test2
(21/09/2025-27/09/2025)",,"Test1
(05/10/2025-11/10/2025)",,"Training
(19/10/2025-25/10/2025)",,,"Training
(09/11/2025-15/11/2025)",,,,,,,
1000012,Worker 12,,,"Cleaning
(19/01/2025-25/01/2025)",,"Security
(02/02/2025-08/02/2025)",,,,,,,"Training
(23/03/2025-29/03/2025)",,,"Cleaning
(13/04/2025-19/04/2025)","Kitchen
(20/04/2025-26/04/2025)",,,,,,"Training
(01/06/2025-07/06/2025)",,,"Cleaning
(22/06/2025-28/06/2025)",,,,,"Security
(27/07/2025-02/08/2025)",,,,,,,,"Kitchen
(21/09/2025-27/09/2025)",,,,,,"Test1
(02/11/2025-08/11/2025)","Test1
(09/11/2025-15/11/2025)","Guarding Duties
(16/11/2025-22/11/2025)",,,,,,
1000013,Worker 13,,,"Kitchen
(19/01/2025-25/01/2025)",,,,,"Maintenance
(23/02/2025-01/03/2025)",,"Maintenance
(09/03/2025-15/03/2025)",,"Test3
(23/03/2025-29/03/2025)",,"Guarding Duties
(06/04/2025-12/04/2025)",,"Test3
(20/04/2025-26/04/2025)",,,,,"RASAR
(25/05/2025-31/05/2025)",,"Security
(08/06/2025-14/06/2025)","Maintenance
(15/06/2025-21/06/2025)",,"Maintenance
(29/06/2025-05/07/2025)",,"Guarding Duties
(13/07/2025-19/07/2025)",,"Test3
(27/07/2025-02/08/2025)","Training
(03/08/2025-09/08/2025)",,,,,"Maintenance
(07/09/2025-13/09/2025)",,"Cleaning
(21/09/2025-27/09/2025)",,"Test1
(05/10/2025-11/10/2025)",,,,,,,,,,,,
1000014,Worker 14,,,"Maintenance
(19/01/2025-25/01/2025)",,,"Test1
(09/02/2025-15/02/2025)",,,,,,"Test2
(23/03/2025-29/03/2025)",,,,,,,,,,,,,,,"Test2
(06/07/2025-12/07/2025)",,,,,"Test3
(10/08/2025-16/08/2025)",,"Test1
(24/08/2025-30/08/2025)",,"Security
(07/09/2025-13/09/2025)",,"Cleaning
(21/09/2025-27/09/2025)",,,"Test1
(12/10/2025-18/10/2025)",,"Maintenance
(26/10/2025-01/11/2025)",,"Kitchen
(09/11/2025-15/11/2025)","Maintenance
(16/11/2025-22/11/2025)","Guarding Duties
(23/11/2025-29/11/2025)","Security
(30/11/2025-06/12/2025)","Maintenance
(07/12/2025-13/12/2025)",,,
1000015,Worker 15,,,,,,"Test2
(09/02/2025-15/02/2025)",,"Guarding Duties
(23/02/2025-01/03/2025)",,,,,"Test3
(30/03/2025-05/04/2025)",,,,"Guarding Duties
(27/04/2025-03/05/2025)",,,,,,,,,"RASAR
(29/06/2025-05/07/2025)",,,"Security
(20/07/2025-26/07/2025)",,,,"Cleaning
(17/08/2025-23/08/2025)",,,,,,,,"Training
(12/10/2025-18/10/2025)",,,,"RASAR
(09/11/2025-15/11/2025)",,"Maintenance
(23/11/2025-29/11/2025)",,"Training
(07/12/2025-13/12/2025)",,,
1000016,Worker 16,"Test1
(05/01/2025-11/01/2025)","Test2
(12/01/2025-18/01/2025)",,,,"Kitchen
(09/02/2025-15/02/2025)",,"Security
(23/02/2025-01/03/2025)",,,,,,,,,,,,,,,,"RASAR
(15/06/2025-21/06/2025)",,,,,,,,,"Training
(17/08/2025-23/08/2025)","Training
(24/08/2025-30/08/2025)","Test1
(31/08/2025-06/09/2025)",,"Test1
(14/09/2025-20/09/2025)",,,,,,"RASAR
(26/10/2025-01/11/2025)",,"Test2
(09/11/2025-15/11/2025)",,"Test3
(23/11/2025-29/11/2025)",,"Maintenance
(07/12/2025-13/12/2025)",,"RASAR
(21/12/2025-27/12/2025)","Security
(28/12/2025-03/01/2026)"
1000017,Worker 17,"Training
(05/01/2025-11/01/2025)","Cleaning
(12/01/2025-18/01/2025)","Training
(19/01/2025-25/01/2025)",,"Security
(02/02/2025-08/02/2025)","Cleaning
(09/02/2025-15/02/2025)","Test2
(16/02/2025-22/02/2025)",,,"RASAR
(09/03/2025-15/03/2025)",,"Cleaning
(23/03/2025-29/03/2025)",,,,,,,,,,"Test2
(01/06/2025-07/06/2025)","Security
(08/06/2025-14/06/2025)",,,,"Test1
(06/07/2025-12/07/2025)",,,,,,"Security
(17/08/2025-23/08/2025)","RASAR
(24/08/2025-30/08/2025)","Training
(31/08/2025-06/09/2025)","Training
(07/09/2025-13/09/2025)","Maintenance
(14/09/2025-20/09/2025)","Training
(21/09/2025-27/09/2025)","RASAR
(28/09/2025-04/10/2025)",,,,,,,"Guarding Duties
(16/11/2025-22/11/2025)",,"Kitchen
(30/11/2025-06/12/2025)",,"Cleaning
(14/12/2025-20/12/2025)",,
1000018,Worker 18,"Guarding Duties
(05/01/2025-11/01/2025)",,"Test1
(19/01/2025-25/01/2025)","Test3
(26/01/2025-01/02/2025)","Cleaning
(02/02/2025-08/02/2025)","Training
(09/02/2025-15/02/2025)",,,,,,"Test3
(23/03/2025-29/03/2025)",,,,"Guarding Duties
(20/04/2025-26/04/2025)","Cleaning
(27/04/2025-03/05/2025)",,,,,"Training
(01/06/2025-07/06/2025)","Test1
(08/06/2025-14/06/2025)",,,,,,"Security
(20/07/2025-26/07/2025)",,,,"RASAR
(17/08/2025-23/08/2025)",,,,,,,,,,,,,,,,,,,"Test1
(28/12/2025-03/01/2026)"
1000019,Worker 19,,,,,,,"Test1
(16/02/2025-22/02/2025)",,"Kitchen
(02/03/2025-08/03/2025)","Test1
(09/03/2025-15/03/2025)","Test1
(16/03/2025-22/03/2025)","Cleaning
(23/03/2025-29/03/2025)",,,"Guarding Duties
(13/04/2025-19/04/2025)",,,,"Test2
(11/05/2025-17/05/2025)",,,,,,,"Training
(29/06/2025-05/07/2025)",,,,,,,"Test3
(17/08/2025-23/08/2025)",,,,,,"Test2
(28/09/2025-04/10/2025)",,,,"Cleaning
(26/10/2025-01/11/2025)",,,"Test1
(16/11/2025-22/11/2025)",,,,,,
1000020,Worker 20,,,,,,,,,,"Guarding Duties
(09/03/2025-15/03/2025)",,,,,"Kitchen
(13/04/2025-19/04/2025)",,"RASAR
(27/04/2025-03/05/2025)","Test3
(04/05/2025-10/05/2025)","Training
(11/05/2025-17/05/2025)",,,"RASAR
(01/06/2025-07/06/2025)",,,,"Test2
(29/06/2025-05/07/2025)",,,,,,"Test3
(10/08/2025-16/08/2025)","Test1
(17/08/2025-23/08/2025)",,"Maintenance
(31/08/2025-06/09/2025)","RASAR
(07/09/2025-13/09/2025)","Training
(14/09/2025-20/09/2025)","RASAR
(21/09/2025-27/09/2025)",,,,"Training
(19/10/2025-25/10/2025)",,"Training
(02/11/2025-08/11/2025)",,,,,,,,
1000021,Worker 21,,,,,,,,"Cleaning
(23/02/2025-01/03/2025)","RASAR
(02/03/2025-08/03/2025)",,,,,"Test3
(06/04/2025-12/04/2025)",,"Kitchen
(20/04/2025-26/04/2025)",,,"Test2
(11/05/2025-17/05/2025)",,"Kitchen
(25/05/2025-31/05/2025)",,"Training
(08/06/2025-14/06/2025)",,,,,,,,,,,,"Guarding Duties
(31/08/2025-06/09/2025)",,"Test3
(14/09/2025-20/09/2025)",,,"Guarding Duties
(05/10/2025-11/10/2025)",,,"Test2
(26/10/2025-01/11/2025)",,,"Cleaning
(16/11/2025-22/11/2025)","Test1
(23/11/2025-29/11/2025)",,,"Guarding Duties
(14/12/2025-20/12/2025)",,
1000022,Worker 22,,"Training
(12/01/2025-18/01/2025)",,,,"Guarding Duties
(09/02/2025-15/02/2025)",,"RASAR
(23/02/2025-01/03/2025)",,,,"Maintenance
(23/03/2025-29/03/2025)",,,,,,,,,,"Guarding Duties
(01/06/2025-07/06/2025)",,,,,"RASAR
(06/07/2025-12/07/2025)",,"Test1
(20/07/2025-26/07/2025)",,,"RASAR
(10/08/2025-16/08/2025)",,,,,,"Cleaning
(21/09/2025-27/09/2025)",,,,"Security
(19/10/2025-25/10/2025)",,,"Kitchen
(09/11/2025-15/11/2025)",,"Maintenance
(23/11/2025-29/11/2025)","Test2
(30/11/2025-06/12/2025)",,,,"Cleaning
(28/12/2025-03/01/2026)"
1000023,Worker 23,,"Training
(12/01/2025-18/01/2025)",,,,,,"Training
(23/02/2025-01/03/2025)","Maintenance
(02/03/2025-08/03/2025)",,"RASAR
(16/03/2025-22/03/2025)",,"Training
(30/03/2025-05/04/2025)","RASAR
(06/04/2025-12/04/2025)",,,,,"Test2
(11/05/2025-17/05/2025)","Guarding Duties
(18/05/2025-24/05/2025)","Maintenance
(25/05/2025-31/05/2025)","Test2
(01/06/2025-07/06/2025)",,,,,,,,"Cleaning
(27/07/2025-02/08/2025)","Test3
(03/08/2025-09/08/2025)",,,,,"Test2
(07/09/2025-13/09/2025)","Maintenance
(14/09/2025-20/09/2025)",,"Cleaning
(28/09/2025-04/10/2025)","Training
(05/10/2025-11/10/2025)",,,,,,,,"Training
(30/11/2025-06/12/2025)","Test1
(07/12/2025-13/12/2025)",,,"Maintenance
(28/12/2025-03/01/2026)"
1000024,Worker 24,,"Training
(12/01/2025-18/01/2025)",,,"Maintenance
(02/02/2025-08/02/2025)","Test2
(09/02/2025-15/02/2025)","RASAR
(16/02/2025-22/02/2025)",,,"Guarding Duties
(09/03/2025-15/03/2025)",,,,,,,,,,"Test1
(18/05/2025-24/05/2025)",,,,,"Test2
(22/06/2025-28/06/2025)",,,,,,,,"Guarding Duties
(17/08/2025-23/08/2025)",,,,,,"Maintenance
(28/09/2025-04/10/2025)",,,"Security
(19/10/2025-25/10/2025)",,,"Kitchen
(09/11/2025-15/11/2025)",,,,,"Training
(14/12/2025-20/12/2025)","Kitchen
(21/12/2025-27/12/2025)",
1000025,Worker 25,,,,,,,,,,,,,,,,"Test2
(20/04/2025-26/04/2025)",,,"Test2
(11/05/2025-17/05/2025)",,,,,,,"RASAR
(29/06/2025-05/07/2025)",,"Maintenance
(13/07/2025-19/07/2025)",,,,,,,"Training
(31/08/2025-06/09/2025)",,,,,,,"Maintenance
(19/10/2025-25/10/2025)",,,"Kitchen
(09/11/2025-15/11/2025)","Kitchen
(16/11/2025-22/11/2025)","Cleaning
(23/11/2025-29/11/2025)","Test1
(30/11/2025-06/12/2025)",,,,
1000026,Worker 26,,,,"Kitchen
(26/01/2025-01/02/2025)","Cleaning
(02/02/2025-08/02/2025)",,"RASAR
(16/02/2025-22/02/2025)","RASAR
(23/02/2025-01/03/2025)","Kitchen
(02/03/2025-08/03/2025)",,"Cleaning
(16/03/2025-22/03/2025)","Test1
(23/03/2025-29/03/2025)",,,,,,,"RASAR
(11/05/2025-17/05/2025)",,"Test2
(25/05/2025-31/05/2025)",,"Guarding Duties
(08/06/2025-14/06/2025)",,,,"RASAR
(06/07/2025-12/07/2025)","Kitchen
(13/07/2025-19/07/2025)","Kitchen
(20/07/2025-26/07/2025)","Kitchen
(27/07/2025-02/08/2025)","RASAR
(03/08/2025-09/08/2025)",,"Test3
(17/08/2025-23/08/2025)","Kitchen
(24/08/2025-30/08/2025)",,,,,,"Maintenance
(05/10/2025-11/10/2025)","Maintenance
(12/10/2025-18/10/2025)",,"RASAR
(26/10/2025-01/11/2025)",,"Test2
(09/11/2025-15/11/2025)","Guarding Duties
(16/11/2025-22/11/2025)",,"RASAR
(30/11/2025-06/12/2025)","RASAR
(07/12/2025-13/12/2025)",,"Security
(21/12/2025-27/12/2025)",
1000027,Worker 27,,"RASAR
(12/01/2025-18/01/2025)",,,,,,,,,"Guarding Duties
(16/03/2025-22/03/2025)",,,"RASAR
(06/04/2025-12/04/2025)",,,,,,"RASAR
(18/05/2025-24/05/2025)","Test3
(25/05/2025-31/05/2025)",,,"Maintenance
(15/06/2025-21/06/2025)",,,,,,,,,,"RASAR
(24/08/2025-30/08/2025)","RASAR
(31/08/2025-06/09/2025)",,,,,"RASAR
(05/10/2025-11/10/2025)",,,,,"Guarding Duties
(09/11/2025-15/11/2025)","Cleaning
(16/11/2025-22/11/2025)",,,,,,"RASAR
(28/12/2025-03/01/2026)"
1000028,Worker 28,"Kitchen
(05/01/2025-11/01/2025)",,,"Guarding Duties
(26/01/2025-01/02/2025)",,"Maintenance
(09/02/2025-15/02/2025)",,"Test2
(23/02/2025-01/03/2025)",,,"Test2
(16/03/2025-22/03/2025)","Guarding Duties
(23/03/2025-29/03/2025)",,"Test1
(06/04/2025-12/04/2025)",,,"Test2
(27/04/2025-03/05/2025)","Test3
(04/05/2025-10/05/2025)",,,,,,,"Training
(22/06/2025-28/06/2025)",,,,,"Test2
(27/07/2025-02/08/2025)",,,"RASAR
(17/08/2025-23/08/2025)","Test1
(24/08/2025-30/08/2025)","RASAR
(31/08/2025-06/09/2025)",,"Security
(14/09/2025-20/09/2025)",,,"Maintenance
(05/10/2025-11/10/2025)",,"Cleaning
(19/10/2025-25/10/2025)",,,"Test2
(09/11/2025-15/11/2025)","Test2
(16/11/2025-22/11/2025)",,"Security
(30/11/2025-06/12/2025)",,,,
1000029,Worker 29,,,,,,"Kitchen
(09/02/2025-15/02/2025)",,,"Test3
(02/03/2025-08/03/2025)",,,,,,"Training
(13/04/2025-19/04/2025)",,,,,,,"Test3
(01/06/2025-07/06/2025)","RASAR
(08/06/2025-14/06/2025)",,,,,,"Kitchen
(20/07/2025-26/07/2025)",,,,"Maintenance
(17/08/2025-23/08/2025)",,,,,,"Security
(28/09/2025-04/10/2025)",,"Security
(12/10/2025-18/10/2025)",,,"RASAR
(02/11/2025-08/11/2025)",,,"Guarding Duties
(23/11/2025-29/11/2025)","Guarding Duties
(30/11/2025-06/12/2025)",,"Security
(14/12/2025-20/12/2025)",,
1000030,Worker 30,"Security
(05/01/2025-11/01/2025)",,"Cleaning
(19/01/2025-25/01/2025)","RASAR
(26/01/2025-01/02/2025)",,,,,,,,"Security
(23/03/2025-29/03/2025)",,,"Kitchen
(13/04/2025-19/04/2025)",,,,,,"Kitchen
(25/05/2025-31/05/2025)","Test1
(01/06/2025-07/06/2025)",,,,"RASAR
(29/06/2025-05/07/2025)","Maintenance
(06/07/2025-12/07/2025)",,,"Test2
(27/07/2025-02/08/2025)",,"Test1
(10/08/2025-16/08/2025)",,"RASAR
(24/08/2025-30/08/2025)",,,,,"Guarding Duties
(28/09/2025-04/10/2025)",,"RASAR
(12/10/2025-18/10/2025)","Guarding Duties
(19/10/2025-25/10/2025)",,,,,,"Training
(30/11/2025-06/12/2025)",,,,
1000031,Worker 31,,,,"Guarding Duties
(26/01/2025-01/02/2025)",,,"Guarding Duties
(16/02/2025-22/02/2025)",,,,,,,,"Cleaning
(13/04/2025-19/04/2025)","Maintenance
(20/04/2025-26/04/2025)","Guarding Duties
(27/04/2025-03/05/2025)",,,,,"Test3
(01/06/2025-07/06/2025)",,,"Test1
(22/06/2025-28/06/2025)",,,"RASAR
(13/07/2025-19/07/2025)","Test1
(20/07/2025-26/07/2025)","Test3
(27/07/2025-02/08/2025)",,"Cleaning
(10/08/2025-16/08/2025)",,,"Maintenance
(31/08/2025-06/09/2025)","Kitchen
(07/09/2025-13/09/2025)",,"Test2
(21/09/2025-27/09/2025)",,"RASAR
(05/10/2025-11/10/2025)",,,,"RASAR
(02/11/2025-08/11/2025)","Security
(09/11/2025-15/11/2025)",,,,"Maintenance
(07/12/2025-13/12/2025)",,,
1000032,Worker 32,"Test1
(05/01/2025-11/01/2025)",,"Kitchen
(19/01/2025-25/01/2025)",,"Cleaning
(02/02/2025-08/02/2025)",,,"Cleaning
(23/02/2025-01/03/2025)","Training
(02/03/2025-08/03/2025)",,"Security
(16/03/2025-22/03/2025)","Kitchen
(23/03/2025-29/03/2025)",,,"Cleaning
(13/04/2025-19/04/2025)","Guarding Duties
(20/04/2025-26/04/2025)",,,,"Training
(18/05/2025-24/05/2025)",,,"Cleaning
(08/06/2025-14/06/2025)",,,,,,,,,,,"RASAR
(24/08/2025-30/08/2025)",,,,,"Cleaning
(28/09/2025-04/10/2025)",,,,"Test3
(26/10/2025-01/11/2025)","Training
(02/11/2025-08/11/2025)",,"Test1
(16/11/2025-22/11/2025)",,,,,,
1000033,Worker 33,,"Guarding Duties
(12/01/2025-18/01/2025)",,"Security
(26/01/2025-01/02/2025)",,,,,,"Guarding Duties
(09/03/2025-15/03/2025)","Guarding Duties
(16/03/2025-22/03/2025)",,,,,,,"Maintenance
(04/05/2025-10/05/2025)",,"Training
(18/05/2025-24/05/2025)","Maintenance
(25/05/2025-31/05/2025)",,,,"Test2
(22/06/2025-28/06/2025)","Kitchen
(29/06/2025-05/07/2025)","RASAR
(06/07/2025-12/07/2025)",,,,,,"Security
(17/08/2025-23/08/2025)",,"Kitchen
(31/08/2025-06/09/2025)",,,,"Maintenance
(28/09/2025-04/10/2025)",,,,,,"Kitchen
(09/11/2025-15/11/2025)",,,,"Cleaning
(07/12/2025-13/12/2025)",,"RASAR
(21/12/2025-27/12/2025)","Training
(28/12/2025-03/01/2026)"
1000034,Worker 34,,,,,,,,,"RASAR
(02/03/2025-08/03/2025)",,,,,,"Guarding Duties
(13/04/2025-19/04/2025)",,,"Test1
(04/05/2025-10/05/2025)",,"Maintenance
(18/05/2025-24/05/2025)",,,,,,,,"Test2
(13/07/2025-19/07/2025)",,,,"Guarding Duties
(10/08/2025-16/08/2025)",,,,,"Kitchen
(14/09/2025-20/09/2025)","RASAR
(21/09/2025-27/09/2025)","Test1
(28/09/2025-04/10/2025)","RASAR
(05/10/2025-11/10/2025)",,,,"Test1
(02/11/2025-08/11/2025)","Training
(09/11/2025-15/11/2025)",,,"Security
(30/11/2025-06/12/2025)",,,,"Test1
(28/12/2025-03/01/2026)"
1000035,Worker 35,"Guarding Duties
(05/01/2025-11/01/2025)","Test2
(12/01/2025-18/01/2025)",,"Test1
(26/01/2025-01/02/2025)",,"Guarding Duties
(09/02/2025-15/02/2025)",,,"Kitchen
(02/03/2025-08/03/2025)","Training
(09/03/2025-15/03/2025)",,,,,,,,,,,,"Test1
(01/06/2025-07/06/2025)",,,"Cleaning
(22/06/2025-28/06/2025)",,"Kitchen
(06/07/2025-12/07/2025)",,,"Test1
(27/07/2025-02/08/2025)",,,,"Training
(24/08/2025-30/08/2025)",,,"RASAR
(14/09/2025-20/09/2025)","Kitchen
(21/09/2025-27/09/2025)",,"Maintenance
(05/10/2025-11/10/2025)",,"Test2
(19/10/2025-25/10/2025)",,"Maintenance
(02/11/2025-08/11/2025)",,,,,,,,"Cleaning
(28/12/2025-03/01/2026)"
1000036,Worker 36,,"Guarding Duties
(12/01/2025-18/01/2025)",,,"RASAR
(02/02/2025-08/02/2025)",,,,,,"Guarding Duties
(16/03/2025-22/03/2025)",,,,,"Test2
(20/04/2025-26/04/2025)","Cleaning
(27/04/2025-03/05/2025)","RASAR
(04/05/2025-10/05/2025)","Maintenance
(11/05/2025-17/05/2025)","RASAR
(18/05/2025-24/05/2025)","Test2
(25/05/2025-31/05/2025)","Training
(01/06/2025-07/06/2025)","Maintenance
(08/06/2025-14/06/2025)","Test2
(15/06/2025-21/06/2025)",,,,,,,,,,"Test1
(24/08/2025-30/08/2025)","Guarding Duties
(31/08/2025-06/09/2025)",,"Maintenance
(14/09/2025-20/09/2025)",,"Test2
(28/09/2025-04/10/2025)","Test1
(05/10/2025-11/10/2025)",,,,,,,"Maintenance
(23/11/2025-29/11/2025)",,,,,"Training
(28/12/2025-03/01/2026)"
1000037,Worker 37,,"Test3
(12/01/2025-18/01/2025)","Test3
(19/01/2025-25/01/2025)","Test3
(26/01/2025-01/02/2025)",,,,,,,,"Test1
(23/03/2025-29/03/2025)",,"RASAR
(06/04/2025-12/04/2025)","Training
(13/04/2025-19/04/2025)","Test3
(20/04/2025-26/04/2025)","Maintenance
(27/04/2025-03/05/2025)",,,,,,,,,"Guarding Duties
(29/06/2025-05/07/2025)",,,,,,,,"Kitchen
(24/08/2025-30/08/2025)",,,,,,,,,,,,,"Test3
(23/11/2025-29/11/2025)",,"Kitchen
(07/12/2025-13/12/2025)",,,
1000038,Worker 38,,,,"Cleaning
(26/01/2025-01/02/2025)",,,,"Test1
(23/02/2025-01/03/2025)","Kitchen
(02/03/2025-08/03/2025)","Training
(09/03/2025-15/03/2025)",,,,"Training
(06/04/2025-12/04/2025)",,"Test3
(20/04/2025-26/04/2025)",,,,,,"RASAR
(01/06/2025-07/06/2025)",,,,,,"Test1
(13/07/2025-19/07/2025)",,,"Cleaning
(03/08/2025-09/08/2025)","Maintenance
(10/08/2025-16/08/2025)",,"Guarding Duties
(24/08/2025-30/08/2025)",,,,"Test2
(21/09/2025-27/09/2025)",,"RASAR
(05/10/2025-11/10/2025)","Test3
(12/10/2025-18/10/2025)","Test1
(19/10/2025-25/10/2025)",,,"Test1
(09/11/2025-15/11/2025)","Security
(16/11/2025-22/11/2025)","Training
(23/11/2025-29/11/2025)",,"Test3
(07/12/2025-13/12/2025)","Kitchen
(14/12/2025-20/12/2025)","Test2
(21/12/2025-27/12/2025)",
1000039,Worker 39,,"Cleaning
(12/01/2025-18/01/2025)",,,"Maintenance
(02/02/2025-08/02/2025)",,,,,"Test2
(09/03/2025-15/03/2025)",,,,"Test3
(06/04/2025-12/04/2025)",,,"Maintenance
(27/04/2025-03/05/2025)","Test3
(04/05/2025-10/05/2025)","Test3
(11/05/2025-17/05/2025)",,,"Security
(01/06/2025-07/06/2025)",,,,,,,"Security
(20/07/2025-26/07/2025)","Kitchen
(27/07/2025-02/08/2025)",,,,,"Security
(31/08/2025-06/09/2025)",,,,,,,"Training
(19/10/2025-25/10/2025)",,,,,"Test1
(23/11/2025-29/11/2025)",,"Test1
(07/12/2025-13/12/2025)",,"Cleaning
(21/12/2025-27/12/2025)",
1000040,Worker 40,"Cleaning
(05/01/2025-11/01/2025)","Maintenance
(12/01/2025-18/01/2025)",,"Kitchen
(26/01/2025-01/02/2025)",,,,,"Test2
(02/03/2025-08/03/2025)",,"Cleaning
(16/03/2025-22/03/2025)",,,,,,,,,"Cleaning
(18/05/2025-24/05/2025)",,,"Guarding Duties
(08/06/2025-14/06/2025)",,,"Kitchen
(29/06/2025-05/07/2025)",,"Cleaning
(13/07/2025-19/07/2025)",,,,,,,,,,,,"Training
(05/10/2025-11/10/2025)",,"Kitchen
(19/10/2025-25/10/2025)",,,"Test3
(09/11/2025-15/11/2025)",,"Security
(23/11/2025-29/11/2025)",,"Guarding Duties
(07/12/2025-13/12/2025)","Security
(14/12/2025-20/12/2025)","Test1
(21/12/2025-27/12/2025)",
1000041,Worker 41,,,,"Test1
(26/01/2025-01/02/2025)","Test3
(02/02/2025-08/02/2025)",,,,,,,"Test3
(23/03/2025-29/03/2025)","Test3
(30/03/2025-05/04/2025)","Test1
(06/04/2025-12/04/2025)",,,,"Maintenance
(04/05/2025-10/05/2025)",,,,,,"Training
(15/06/2025-21/06/2025)",,,,,,,,,"RASAR
(17/08/2025-23/08/2025)",,,,,"Test2
(21/09/2025-27/09/2025)",,,,"Test2
(19/10/2025-25/10/2025)",,,,,,,"Training
(07/12/2025-13/12/2025)",,,
1000042,Worker 42,"RASAR
(05/01/2025-11/01/2025)",,,,,"RASAR
(09/02/2025-15/02/2025)",,,"Maintenance
(02/03/2025-08/03/2025)",,,"Security
(23/03/2025-29/03/2025)",,,"Test3
(13/04/2025-19/04/2025)","Training
(20/04/2025-26/04/2025)",,"Security
(04/05/2025-10/05/2025)",,,"Kitchen
(25/05/2025-31/05/2025)","Guarding Duties
(01/06/2025-07/06/2025)",,,,,"Test3
(06/07/2025-12/07/2025)",,,"Cleaning
(27/07/2025-02/08/2025)",,,,,,"Cleaning
(07/09/2025-13/09/2025)",,"Guarding Duties
(21/09/2025-27/09/2025)",,,"Maintenance
(12/10/2025-18/10/2025)",,,,"Security
(09/11/2025-15/11/2025)",,,"Kitchen
(30/11/2025-06/12/2025)","Test1
(07/12/2025-13/12/2025)","Cleaning
(14/12/2025-20/12/2025)",,
1000043,Worker 43,,"Kitchen
(12/01/2025-18/01/2025)","Test1
(19/01/2025-25/01/2025)",,,"Training
(09/02/2025-15/02/2025)","Test1
(16/02/2025-22/02/2025)","Maintenance
(23/02/2025-01/03/2025)","Guarding Duties
(02/03/2025-08/03/2025)",,,,,"Security
(06/04/2025-12/04/2025)",,,"Security
(27/04/2025-03/05/2025)",,,,,,,,,,"Maintenance
(06/07/2025-12/07/2025)",,,,"Test1
(03/08/2025-09/08/2025)",,"Test3
(17/08/2025-23/08/2025)",,,,,,"Cleaning
(28/09/2025-04/10/2025)",,"Training
(12/10/2025-18/10/2025)",,,,,,,,,,,"Cleaning
(28/12/2025-03/01/2026)"
1000044,Worker 44,"Guarding Duties
(05/01/2025-11/01/2025)","Guarding Duties
(12/01/2025-18/01/2025)","Test2
(19/01/2025-25/01/2025)",,,,,,,,"Guarding Duties
(16/03/2025-22/03/2025)",,,,,,,"Security
(04/05/2025-10/05/2025)",,,,,"Maintenance
(08/06/2025-14/06/2025)",,,,,,"Security
(20/07/2025-26/07/2025)",,,,,"Maintenance
(24/08/2025-30/08/2025)",,,,,,"RASAR
(05/10/2025-11/10/2025)",,,"Guarding Duties
(26/10/2025-01/11/2025)",,,,,"Security
(30/11/2025-06/12/2025)",,,,
1000045,Worker 45,,,,,,"Test3
(09/02/2025-15/02/2025)","Training
(16/02/2025-22/02/2025)",,,,"Cleaning
(16/03/2025-22/03/2025)",,,"Test3
(06/04/2025-12/04/2025)","Security
(13/04/2025-19/04/2025)","Security
(20/04/2025-26/04/2025)",,"Maintenance
(04/05/2025-10/05/2025)",,"Training
(18/05/2025-24/05/2025)","Test2
(25/05/2025-31/05/2025)","Test2
(01/06/2025-07/06/2025)",,"RASAR
(15/06/2025-21/06/2025)",,,"Test2
(06/07/2025-12/07/2025)","Training
(13/07/2025-19/07/2025)",,,"Test2
(03/08/2025-09/08/2025)",,,,,,,,,,,,,,,"Test3
(16/11/2025-22/11/2025)","Guarding Duties
(23/11/2025-29/11/2025)",,"Test2
(07/12/2025-13/12/2025)",,,
1000046,Worker 46,,"Test3
(12/01/2025-18/01/2025)",,,,,,,,,,,"Kitchen
(30/03/2025-05/04/2025)",,"Guarding Duties
(13/04/2025-19/04/2025)",,,,"Maintenance
(11/05/2025-17/05/2025)",,,"Test1
(01/06/2025-07/06/2025)",,,,,,,"Training
(20/07/2025-26/07/2025)",,,,"Guarding Duties
(17/08/2025-23/08/2025)",,"Test2
(31/08/2025-06/09/2025)",,"Test1
(14/09/2025-20/09/2025)",,"RASAR
(28/09/2025-04/10/2025)","Security
(05/10/2025-11/10/2025)",,,,,,"RASAR
(16/11/2025-22/11/2025)",,,,,"Test3
(21/12/2025-27/12/2025)",
1000047,Worker 47,"Test1
(05/01/2025-11/01/2025)",,,,,"Maintenance
(09/02/2025-15/02/2025)","Cleaning
(16/02/2025-22/02/2025)",,,,,,"Test2
(30/03/2025-05/04/2025)",,"Test2
(13/04/2025-19/04/2025)",,,"RASAR
(04/05/2025-10/05/2025)",,"Test3
(18/05/2025-24/05/2025)","RASAR
(25/05/2025-31/05/2025)",,,,"Kitchen
(22/06/2025-28/06/2025)",,,,"Kitchen
(20/07/2025-26/07/2025)",,,,,"Cleaning
(24/08/2025-30/08/2025)","Test1
(31/08/2025-06/09/2025)",,,,,,,"Security
(19/10/2025-25/10/2025)",,,,,,,"RASAR
(07/12/2025-13/12/2025)","Guarding Duties
(14/12/2025-20/12/2025)","Test3
(21/12/2025-27/12/2025)","Security
(28/12/2025-03/01/2026)"
1000048,Worker 48,"Guarding Duties
(05/01/2025-11/01/2025)",,,,"Kitchen
(02/02/2025-08/02/2025)",,,"Cleaning
(23/02/2025-01/03/2025)",,,,,,"Cleaning
(06/04/2025-12/04/2025)","Test1
(13/04/2025-19/04/2025)",,,"Cleaning
(04/05/2025-10/05/2025)",,"Cleaning
(18/05/2025-24/05/2025)",,,,,,,,"Cleaning
(13/07/2025-19/07/2025)",,"Cleaning
(27/07/2025-02/08/2025)",,,,,,,,"Test2
(21/09/2025-27/09/2025)",,"Test1
(05/10/2025-11/10/2025)","Security
(12/10/2025-18/10/2025)",,,,,,"Test1
(23/11/2025-29/11/2025)",,,,"Maintenance
(21/12/2025-27/12/2025)",
1000049,Worker 49,,,,,,,,"Cleaning
(23/02/2025-01/03/2025)",,,"Cleaning
(16/03/2025-22/03/2025)",,,,,,,,,,,,,,"Kitchen
(22/06/2025-28/06/2025)","Cleaning
(29/06/2025-05/07/2025)","Guarding Duties
(06/07/2025-12/07/2025)",,,,,"Kitchen
(10/08/2025-16/08/2025)","Training
(17/08/2025-23/08/2025)","Test3
(24/08/2025-30/08/2025)",,,"Test2
(14/09/2025-20/09/2025)","Cleaning
(21/09/2025-27/09/2025)","Training
(28/09/2025-04/10/2025)",,,,"Kitchen
(26/10/2025-01/11/2025)",,,,,,,,,"Maintenance
(28/12/2025-03/01/2026)"
1000050,Worker 50,,,,,,,"Maintenance
(16/02/2025-22/02/2025)",,"Guarding Duties
(02/03/2025-08/03/2025)","Test1
(09/03/2025-15/03/2025)",,,"Cleaning
(30/03/2025-05/04/2025)","Kitchen
(06/04/2025-12/04/2025)",,"Training
(20/04/2025-26/04/2025)",,,,"Maintenance
(18/05/2025-24/05/2025)",,,,"RASAR
(15/06/2025-21/06/2025)",,,"Maintenance
(06/07/2025-12/07/2025)",,,,,,,"Cleaning
(24/08/2025-30/08/2025)","Test2
(31/08/2025-06/09/2025)",,,,"Maintenance
(28/09/2025-04/10/2025)","Cleaning
(05/10/2025-11/10/2025)",,,,,"Kitchen
(09/11/2025-15/11/2025)","Maintenance
(16/11/2025-22/11/2025)","Test1
(23/11/2025-29/11/2025)",,"Cleaning
(07/12/2025-13/12/2025)",,,
1000051,Worker 51,,"Test2
(12/01/2025-18/01/2025)",,,"Cleaning
(02/02/2025-08/02/2025)",,,"Test3
(23/02/2025-01/03/2025)",,"Kitchen
(09/03/2025-15/03/2025)",,,,,,,"Test3
(27/04/2025-03/05/2025)",,,"Guarding Duties
(18/05/2025-24/05/2025)","Kitchen
(25/05/2025-31/05/2025)","Kitchen
(01/06/2025-07/06/2025)","Guarding Duties
(08/06/2025-14/06/2025)",,,"RASAR
(29/06/2025-05/07/2025)",,,,,,,"Test2
(17/08/2025-23/08/2025)","Kitchen
(24/08/2025-30/08/2025)",,"Training
(07/09/2025-13/09/2025)","Training
(14/09/2025-20/09/2025)",,"Test2
(28/09/2025-04/10/2025)",,,,"Test1
(26/10/2025-01/11/2025)",,,"Security
(16/11/2025-22/11/2025)","Test2
(23/11/2025-29/11/2025)",,,"Kitchen
(14/12/2025-20/12/2025)","Guarding Duties
(21/12/2025-27/12/2025)",
1000052,Worker 52,,"Security
(12/01/2025-18/01/2025)","Test1
(19/01/2025-25/01/2025)",,,"RASAR
(09/02/2025-15/02/2025)",,,,,,,,"Training
(06/04/2025-12/04/2025)",,,"RASAR
(27/04/2025-03/05/2025)",,,"Test1
(18/05/2025-24/05/2025)","Test3
(25/05/2025-31/05/2025)",,,"Cleaning
(15/06/2025-21/06/2025)",,,"Test3
(06/07/2025-12/07/2025)","Test3
(13/07/2025-19/07/2025)",,"Guarding Duties
(27/07/2025-02/08/2025)",,,"Cleaning
(17/08/2025-23/08/2025)",,,,,,,,,,,,,,"RASAR
(23/11/2025-29/11/2025)",,,,,
1000053,Worker 53,,,"Cleaning
(19/01/2025-25/01/2025)",,,,,,"RASAR
(02/03/2025-08/03/2025)",,,,"Test2
(30/03/2025-05/04/2025)",,"Guarding Duties
(13/04/2025-19/04/2025)","Kitchen
(20/04/2025-26/04/2025)",,,,"Kitchen
(18/05/2025-24/05/2025)",,,"RASAR
(08/06/2025-14/06/2025)",,,"Guarding Duties
(29/06/2025-05/07/2025)",,,,"Test2
(27/07/2025-02/08/2025)",,,,,,,"Test3
(14/09/2025-20/09/2025)",,,"Test2
(05/10/2025-11/10/2025)","Kitchen
(12/10/2025-18/10/2025)",,"Cleaning
(26/10/2025-01/11/2025)",,"Kitchen
(09/11/2025-15/11/2025)",,"RASAR
(23/11/2025-29/11/2025)",,,"Maintenance
(14/12/2025-20/12/2025)","Training
(21/12/2025-27/12/2025)","Kitchen
(28/12/2025-03/01/2026)"
1000054,Worker 54,"Training
(05/01/2025-11/01/2025)",,,,"Training
(02/02/2025-08/02/2025)","Test1
(09/02/2025-15/02/2025)",,"Test1
(23/02/2025-01/03/2025)",,,,,"Test3
(30/03/2025-05/04/2025)","Kitchen
(06/04/2025-12/04/2025)","Cleaning
(13/04/2025-19/04/2025)","Kitchen
(20/04/2025-26/04/2025)",,"Cleaning
(04/05/2025-10/05/2025)","Test2
(11/05/2025-17/05/2025)","Security
(18/05/2025-24/05/2025)",,,"Test2
(08/06/2025-14/06/2025)",,"Security
(22/06/2025-28/06/2025)","Cleaning
(29/06/2025-05/07/2025)","Security
(06/07/2025-12/07/2025)",,,"Test1
(27/07/2025-02/08/2025)",,,,,,"Security
(07/09/2025-13/09/2025)",,,,,,,,,,,"Security
(23/11/2025-29/11/2025)",,,"Test1
(14/12/2025-20/12/2025)","Maintenance
(21/12/2025-27/12/2025)",
1000055,Worker 55,,,,"Cleaning
(26/01/2025-01/02/2025)",,,"Test3
(16/02/2025-22/02/2025)",,,,,,"Cleaning
(30/03/2025-05/04/2025)",,,"Training
(20/04/2025-26/04/2025)",,"Security
(04/05/2025-10/05/2025)","Test2
(11/05/2025-17/05/2025)",,,,,,,,,,,,,"Training
(10/08/2025-16/08/2025)",,,,,,,,,"Test2
(12/10/2025-18/10/2025)",,,,,"Test1
(16/11/2025-22/11/2025)","Security
(23/11/2025-29/11/2025)",,"Kitchen
(07/12/2025-13/12/2025)",,,
1000056,Worker 56,,,,,,,,,,,"Test1
(16/03/2025-22/03/2025)",,,,,,,,,,,,,,,,"Training
(06/07/2025-12/07/2025)",,,"Training
(27/07/2025-02/08/2025)",,"Training
(10/08/2025-16/08/2025)",,"Maintenance
(24/08/2025-30/08/2025)",,"Cleaning
(07/09/2025-13/09/2025)",,,"Kitchen
(28/09/2025-04/10/2025)","Guarding Duties
(05/10/2025-11/10/2025)","Cleaning
(12/10/2025-18/10/2025)",,"Training
(26/10/2025-01/11/2025)",,"Security
(09/11/2025-15/11/2025)",,"Security
(23/11/2025-29/11/2025)","Security
(30/11/2025-06/12/2025)",,,,
1000057,Worker 57,,,"Cleaning
(19/01/2025-25/01/2025)",,"Security
(02/02/2025-08/02/2025)",,,"Test1
(23/02/2025-01/03/2025)",,,,,,,"Kitchen
(13/04/2025-19/04/2025)",,,,"Kitchen
(11/05/2025-17/05/2025)","Security
(18/05/2025-24/05/2025)",,,,,"Maintenance
(22/06/2025-28/06/2025)",,"Training
(06/07/2025-12/07/2025)",,,"Security
(27/07/2025-02/08/2025)",,,,,"RASAR
(31/08/2025-06/09/2025)",,,,,,,,"RASAR
(26/10/2025-01/11/2025)",,"Security
(09/11/2025-15/11/2025)",,,,,,,
1000058,Worker 58,,"Kitchen
(12/01/2025-18/01/2025)",,,"Training
(02/02/2025-08/02/2025)","RASAR
(09/02/2025-15/02/2025)",,,,"Kitchen
(09/03/2025-15/03/2025)","RASAR
(16/03/2025-22/03/2025)",,,,,,"Test3
(27/04/2025-03/05/2025)","RASAR
(04/05/2025-10/05/2025)",,,,,,"Kitchen
(15/06/2025-21/06/2025)","Kitchen
(22/06/2025-28/06/2025)",,,,,,"Cleaning
(03/08/2025-09/08/2025)",,,,,,,,,,"Test3
(12/10/2025-18/10/2025)",,,"RASAR
(02/11/2025-08/11/2025)",,,,,"Cleaning
(07/12/2025-13/12/2025)",,,
1000059,Worker 59,,"Training
(12/01/2025-18/01/2025)",,"RASAR
(26/01/2025-01/02/2025)","Test1
(02/02/2025-08/02/2025)",,,,,,"Guarding Duties
(16/03/2025-22/03/2025)",,,,,"Kitchen
(20/04/2025-26/04/2025)",,,,,,,,,,,"Test3
(06/07/2025-12/07/2025)",,"Test3
(20/07/2025-26/07/2025)",,,,,,"Training
(31/08/2025-06/09/2025)","Security
(07/09/2025-13/09/2025)",,"Test1
(21/09/2025-27/09/2025)",,,,,,,,,,"Security
(30/11/2025-06/12/2025)",,,"Test3
(21/12/2025-27/12/2025)",
1000060,Worker 60,"Test1
(05/01/2025-11/01/2025)",,,,,,,"RASAR
(23/02/2025-01/03/2025)","Maintenance
(02/03/2025-08/03/2025)",,"Training
(16/03/2025-22/03/2025)","Guarding Duties
(23/03/2025-29/03/2025)",,,"Security
(13/04/2025-19/04/2025)",,,,,,,"Security
(01/06/2025-07/06/2025)","Cleaning
(08/06/2025-14/06/2025)",,"Test2
(22/06/2025-28/06/2025)","Test2
(29/06/2025-05/07/2025)","Kitchen
(06/07/2025-12/07/2025)",,,,,,,,,"RASAR
(07/09/2025-13/09/2025)","Cleaning
(14/09/2025-20/09/2025)","Test2
(21/09/2025-27/09/2025)",,,,,"Kitchen
(26/10/2025-01/11/2025)","Training
(02/11/2025-08/11/2025)",,"Maintenance
(16/11/2025-22/11/2025)",,,"RASAR
(07/12/2025-13/12/2025)",,,
1000061,Worker 61,,"Maintenance
(12/01/2025-18/01/2025)","Test3
(19/01/2025-25/01/2025)",,"Guarding Duties
(02/02/2025-08/02/2025)",,,,,,,,,,"Guarding Duties
(13/04/2025-19/04/2025)","Kitchen
(20/04/2025-26/04/2025)",,,,"Test1
(18/05/2025-24/05/2025)","Training
(25/05/2025-31/05/2025)",,,,"Test2
(22/06/2025-28/06/2025)","Test3
(29/06/2025-05/07/2025)",,,,,"Test3
(03/08/2025-09/08/2025)",,,"Maintenance
(24/08/2025-30/08/2025)",,"Security
(07/09/2025-13/09/2025)",,,,,"Test3
(12/10/2025-18/10/2025)",,,,,,"Cleaning
(23/11/2025-29/11/2025)","Test2
(30/11/2025-06/12/2025)",,"Security
(14/12/2025-20/12/2025)",,
1000062,Worker 62,,,,"Training
(26/01/2025-01/02/2025)",,"Security
(09/02/2025-15/02/2025)",,,,,,,,,"Test1
(13/04/2025-19/04/2025)","RASAR
(20/04/2025-26/04/2025)",,"Kitchen
(04/05/2025-10/05/2025)","Test3
(11/05/2025-17/05/2025)",,,"Cleaning
(01/06/2025-07/06/2025)",,"Kitchen
(15/06/2025-21/06/2025)","Guarding Duties
(22/06/2025-28/06/2025)","Kitchen
(29/06/2025-05/07/2025)",,"Guarding Duties
(13/07/2025-19/07/2025)",,,,"Security
(10/08/2025-16/08/2025)","Maintenance
(17/08/2025-23/08/2025)",,,,,,,"RASAR
(05/10/2025-11/10/2025)",,,,,,"RASAR
(16/11/2025-22/11/2025)",,,,,,
1000063,Worker 63,,,"Kitchen
(19/01/2025-25/01/2025)","Test3
(26/01/2025-01/02/2025)",,,,,,,,,"Cleaning
(30/03/2025-05/04/2025)",,,"Kitchen
(20/04/2025-26/04/2025)","Maintenance
(27/04/2025-03/05/2025)",,,,,,"Kitchen
(08/06/2025-14/06/2025)",,,,"Test3
(06/07/2025-12/07/2025)",,,"Maintenance
(27/07/2025-02/08/2025)",,,"Test2
(17/08/2025-23/08/2025)","Maintenance
(24/08/2025-30/08/2025)",,"Cleaning
(07/09/2025-13/09/2025)",,"Test2
(21/09/2025-27/09/2025)",,,,"Maintenance
(19/10/2025-25/10/2025)",,,"Security
(09/11/2025-15/11/2025)",,,,,"Cleaning
(14/12/2025-20/12/2025)",,
1000064,Worker 64,"Training
(05/01/2025-11/01/2025)",,,"Test3
(26/01/2025-01/02/2025)","Test1
(02/02/2025-08/02/2025)",,"RASAR
(16/02/2025-22/02/2025)",,,"RASAR
(09/03/2025-15/03/2025)",,"Guarding Duties
(23/03/2025-29/03/2025)",,,,,,"Test2
(04/05/2025-10/05/2025)","Cleaning
(11/05/2025-17/05/2025)",,"Guarding Duties
(25/05/2025-31/05/2025)",,,"Security
(15/06/2025-21/06/2025)",,,,,,"Test3
(27/07/2025-02/08/2025)","RASAR
(03/08/2025-09/08/2025)",,"Guarding Duties
(17/08/2025-23/08/2025)",,,,,,"Training
(28/09/2025-04/10/2025)",,"Test1
(12/10/2025-18/10/2025)",,"Security
(26/10/2025-01/11/2025)",,,,,,,"Kitchen
(14/12/2025-20/12/2025)",,"Test1
(28/12/2025-03/01/2026)"
1000065,Worker 65,,,,,,,"Guarding Duties
(16/02/2025-22/02/2025)",,,,,,"Maintenance
(30/03/2025-05/04/2025)",,,,,,,,,,,"Security
(15/06/2025-21/06/2025)",,,,"Test2
(13/07/2025-19/07/2025)",,,"Kitchen
(03/08/2025-09/08/2025)",,,"Cleaning
(24/08/2025-30/08/2025)",,,"Training
(14/09/2025-20/09/2025)","Security
(21/09/2025-27/09/2025)",,,,,,,"Kitchen
(09/11/2025-15/11/2025)",,"Cleaning
(23/11/2025-29/11/2025)",,"Training
(07/12/2025-13/12/2025)",,,
1000066,Worker 66,,"Test3
(12/01/2025-18/01/2025)","RASAR
(19/01/2025-25/01/2025)","Security
(26/01/2025-01/02/2025)","Maintenance
(02/02/2025-08/02/2025)","Maintenance
(09/02/2025-15/02/2025)",,,,,"Kitchen
(16/03/2025-22/03/2025)",,,"Training
(06/04/2025-12/04/2025)",,,,,,,"Training
(25/05/2025-31/05/2025)",,,"Maintenance
(15/06/2025-21/06/2025)",,"Kitchen
(29/06/2025-05/07/2025)","Cleaning
(06/07/2025-12/07/2025)",,"Test1
(20/07/2025-26/07/2025)",,,"Test1
(10/08/2025-16/08/2025)","Training
(17/08/2025-23/08/2025)",,,,"Cleaning
(14/09/2025-20/09/2025)",,,,"Guarding Duties
(12/10/2025-18/10/2025)",,,,,,,,,,,"Test1
(28/12/2025-03/01/2026)"
1000067,Worker 67,,"Kitchen
(12/01/2025-18/01/2025)","Security
(19/01/2025-25/01/2025)","Test1
(26/01/2025-01/02/2025)",,,,,,"RASAR
(09/03/2025-15/03/2025)","Test3
(16/03/2025-22/03/2025)",,"Test3
(30/03/2025-05/04/2025)",,,"Maintenance
(20/04/2025-26/04/2025)","Security
(27/04/2025-03/05/2025)","Test2
(04/05/2025-10/05/2025)",,,,,,,"Test2
(22/06/2025-28/06/2025)","Guarding Duties
(29/06/2025-05/07/2025)",,,,,"Training
(03/08/2025-09/08/2025)",,,,,,,,,,"Maintenance
(12/10/2025-18/10/2025)","Test2
(19/10/2025-25/10/2025)",,,"RASAR
(09/11/2025-15/11/2025)",,,,"Security
(07/12/2025-13/12/2025)","Kitchen
(14/12/2025-20/12/2025)","Cleaning
(21/12/2025-27/12/2025)",
1000068,Worker 68,"RASAR
(05/01/2025-11/01/2025)","Test1
(12/01/2025-18/01/2025)","Test1
(19/01/2025-25/01/2025)","Training
(26/01/2025-01/02/2025)",,,,,,,,,"RASAR
(30/03/2025-05/04/2025)",,,,,,,"Training
(18/05/2025-24/05/2025)",,,,,,,,,,,"Test3
(03/08/2025-09/08/2025)",,,,,,,,"Cleaning
(28/09/2025-04/10/2025)",,"Cleaning
(12/10/2025-18/10/2025)",,,,"Test3
(09/11/2025-15/11/2025)",,"Cleaning
(23/11/2025-29/11/2025)",,,,,
1000069,Worker 69,,,"Test3
(19/01/2025-25/01/2025)","Test3
(26/01/2025-01/02/2025)","Maintenance
(02/02/2025-08/02/2025)","Training
(09/02/2025-15/02/2025)","Cleaning
(16/02/2025-22/02/2025)",,,,,,"Training
(30/03/2025-05/04/2025)",,,"Guarding Duties
(20/04/2025-26/04/2025)",,,,,"Training
(25/05/2025-31/05/2025)",,"Test3
(08/06/2025-14/06/2025)",,,"Maintenance
(29/06/2025-05/07/2025)","Guarding Duties
(06/07/2025-12/07/2025)","Test3
(13/07/2025-19/07/2025)",,,"Training
(03/08/2025-09/08/2025)",,"Training
(17/08/2025-23/08/2025)",,,"Security
(07/09/2025-13/09/2025)","Cleaning
(14/09/2025-20/09/2025)",,,,,,"RASAR
(26/10/2025-01/11/2025)",,"Test1
(09/11/2025-15/11/2025)",,,"Kitchen
(30/11/2025-06/12/2025)","Cleaning
(07/12/2025-13/12/2025)",,,
1000070,Worker 70,,"Training
(12/01/2025-18/01/2025)",,,"Cleaning
(02/02/2025-08/02/2025)",,,,,,"Maintenance
(16/03/2025-22/03/2025)","Training
(23/03/2025-29/03/2025)",,,"Maintenance
(13/04/2025-19/04/2025)","Test3
(20/04/2025-26/04/2025)",,,,,,,"RASAR
(08/06/2025-14/06/2025)",,"Guarding Duties
(22/06/2025-28/06/2025)","Guarding Duties
(29/06/2025-05/07/2025)","Maintenance
(06/07/2025-12/07/2025)","Test1
(13/07/2025-19/07/2025)",,"Kitchen
(27/07/2025-02/08/2025)",,,,,,"Guarding Duties
(07/09/2025-13/09/2025)",,"Kitchen
(21/09/2025-27/09/2025)",,,,,,,,"Maintenance
(16/11/2025-22/11/2025)",,,,,,"Kitchen
(28/12/2025-03/01/2026)"
1000071,Worker 71,,,,"Guarding Duties
(26/01/2025-01/02/2025)",,,"Security
(16/02/2025-22/02/2025)",,,"Maintenance
(09/03/2025-15/03/2025)",,,"Training
(30/03/2025-05/04/2025)",,"Guarding Duties
(13/04/2025-19/04/2025)","Guarding Duties
(20/04/2025-26/04/2025)",,,,"Maintenance
(18/05/2025-24/05/2025)","Training
(25/05/2025-31/05/2025)","Training
(01/06/2025-07/06/2025)",,"Training
(15/06/2025-21/06/2025)",,"Guarding Duties
(29/06/2025-05/07/2025)","Security
(06/07/2025-12/07/2025)",,"Test3
(20/07/2025-26/07/2025)",,,,,,,,"RASAR
(14/09/2025-20/09/2025)","Guarding Duties
(21/09/2025-27/09/2025)","Guarding Duties
(28/09/2025-04/10/2025)",,,,"Test1
(26/10/2025-01/11/2025)",,,,,,,,,
1000072,Worker 72,"Test1
(05/01/2025-11/01/2025)",,,,,,"RASAR
(16/02/2025-22/02/2025)","Kitchen
(23/02/2025-01/03/2025)",,,,,,"Cleaning
(06/04/2025-12/04/2025)",,,"Security
(27/04/2025-03/05/2025)","Test1
(04/05/2025-10/05/2025)",,,"Security
(25/05/2025-31/05/2025)",,,,,,,"Training
(13/07/2025-19/07/2025)",,,,,,"Maintenance
(24/08/2025-30/08/2025)",,,"Guarding Duties
(14/09/2025-20/09/2025)","Training
(21/09/2025-27/09/2025)",,,,,,"Cleaning
(02/11/2025-08/11/2025)",,"Test2
(16/11/2025-22/11/2025)",,"Maintenance
(30/11/2025-06/12/2025)",,,,"RASAR
(28/12/2025-03/01/2026)"
1000073,Worker 73,,"Test3
(12/01/2025-18/01/2025)","Guarding Duties
(19/01/2025-25/01/2025)","Test2
(26/01/2025-01/02/2025)",,"Test3
(09/02/2025-15/02/2025)","Maintenance
(16/02/2025-22/02/2025)",,,"Kitchen
(09/03/2025-15/03/2025)","Test2
(16/03/2025-22/03/2025)","Security
(23/03/2025-29/03/2025)","RASAR
(30/03/2025-05/04/2025)",,,,,"Test1
(04/05/2025-10/05/2025)",,,,,"Cleaning
(08/06/2025-14/06/2025)","Test3
(15/06/2025-21/06/2025)",,,,,"Test1
(20/07/2025-26/07/2025)",,"Test1
(03/08/2025-09/08/2025)",,,,"Kitchen
(31/08/2025-06/09/2025)","Test3
(07/09/2025-13/09/2025)",,,,"RASAR
(05/10/2025-11/10/2025)","Security
(12/10/2025-18/10/2025)","RASAR
(19/10/2025-25/10/2025)",,"Cleaning
(02/11/2025-08/11/2025)","Security
(09/11/2025-15/11/2025)","Kitchen
(16/11/2025-22/11/2025)",,,,,,"Test3
(28/12/2025-03/01/2026)"
1000074,Worker 74,"Test2
(05/01/2025-11/01/2025)",,,,,"Kitchen
(09/02/2025-15/02/2025)","Test1
(16/02/2025-22/02/2025)",,"Test2
(02/03/2025-08/03/2025)",,,,,,,"Cleaning
(20/04/2025-26/04/2025)",,,"Test3
(11/05/2025-17/05/2025)","Test1
(18/05/2025-24/05/2025)",,,"Guarding Duties
(08/06/2025-14/06/2025)",,,"Training
(29/06/2025-05/07/2025)",,"RASAR
(13/07/2025-19/07/2025)",,,,"Test1
(10/08/2025-16/08/2025)","Test1
(17/08/2025-23/08/2025)","Test1
(24/08/2025-30/08/2025)",,,,"Guarding Duties
(21/09/2025-27/09/2025)","Guarding Duties
(28/09/2025-04/10/2025)",,,,,,,,,"Test1
(30/11/2025-06/12/2025)","Test3
(07/12/2025-13/12/2025)",,,
1000075,Worker 75,"Training
(05/01/2025-11/01/2025)",,,"RASAR
(26/01/2025-01/02/2025)",,"Test3
(09/02/2025-15/02/2025)",,"RASAR
(23/02/2025-01/03/2025)",,"Security
(09/03/2025-15/03/2025)","Test1
(16/03/2025-22/03/2025)",,"Test3
(30/03/2025-05/04/2025)","Kitchen
(06/04/2025-12/04/2025)","Kitchen
(13/04/2025-19/04/2025)","Cleaning
(20/04/2025-26/04/2025)",,,,"Guarding Duties
(18/05/2025-24/05/2025)",,,"Test2
(08/06/2025-14/06/2025)",,"Cleaning
(22/06/2025-28/06/2025)","Kitchen
(29/06/2025-05/07/2025)","Cleaning
(06/07/2025-12/07/2025)","Test1
(13/07/2025-19/07/2025)","Maintenance
(20/07/2025-26/07/2025)","Test2
(27/07/2025-02/08/2025)",,,,"Test3
(24/08/2025-30/08/2025)",,,,,,,,,"Kitchen
(26/10/2025-01/11/2025)",,,,,,,,,
1000076,Worker 76,,"Training
(12/01/2025-18/01/2025)","RASAR
(19/01/2025-25/01/2025)",,,,,,,,"RASAR
(16/03/2025-22/03/2025)",,,,,,,,,,,,"Security
(08/06/2025-14/06/2025)","Test2
(15/06/2025-21/06/2025)",,"Training
(29/06/2025-05/07/2025)",,,,,"Guarding Duties
(03/08/2025-09/08/2025)","Test2
(10/08/2025-16/08/2025)",,,"Test3
(31/08/2025-06/09/2025)","RASAR
(07/09/2025-13/09/2025)",,"RASAR
(21/09/2025-27/09/2025)",,,,,,"Guarding Duties
(02/11/2025-08/11/2025)",,,,,"Test1
(07/12/2025-13/12/2025)","Security
(14/12/2025-20/12/2025)","Security
(21/12/2025-27/12/2025)","Test2
(28/12/2025-03/01/2026)"
1000077,Worker 77,"Kitchen
(05/01/2025-11/01/2025)","Test3
(12/01/2025-18/01/2025)","Security
(19/01/2025-25/01/2025)",,,,,"Security
(23/02/2025-01/03/2025)","Security
(02/03/2025-08/03/2025)",,,,,"Guarding Duties
(06/04/2025-12/04/2025)",,,,,"RASAR
(11/05/2025-17/05/2025)","RASAR
(18/05/2025-24/05/2025)","Test3
(25/05/2025-31/05/2025)",,"Kitchen
(08/06/2025-14/06/2025)",,,,,,,,,,"Kitchen
(17/08/2025-23/08/2025)",,,"Training
(07/09/2025-13/09/2025)","Security
(14/09/2025-20/09/2025)",,"Test3
(28/09/2025-04/10/2025)","Training
(05/10/2025-11/10/2025)","Test1
(12/10/2025-18/10/2025)",,,,,,,,,,,"Security
(28/12/2025-03/01/2026)"
1000078,Worker 78,,"Test2
(12/01/2025-18/01/2025)","Security
(19/01/2025-25/01/2025)",,,"Guarding Duties
(09/02/2025-15/02/2025)",,,,,,,,"Test1
(06/04/2025-12/04/2025)",,"Test3
(20/04/2025-26/04/2025)",,,,,,"Kitchen
(01/06/2025-07/06/2025)",,,,"RASAR
(29/06/2025-05/07/2025)","Test1
(06/07/2025-12/07/2025)",,,,,"Training
(10/08/2025-16/08/2025)","Kitchen
(17/08/2025-23/08/2025)",,,,,"Guarding Duties
(21/09/2025-27/09/2025)","Kitchen
(28/09/2025-04/10/2025)",,,,,,,,,,"Cleaning
(07/12/2025-13/12/2025)",,"Kitchen
(21/12/2025-27/12/2025)","Test2
(28/12/2025-03/01/2026)"
1000079,Worker 79,"Test1
(05/01/2025-11/01/2025)","Security
(12/01/2025-18/01/2025)",,,,,,"RASAR
(23/02/2025-01/03/2025)","Cleaning
(02/03/2025-08/03/2025)",,,,,,,,,,,,,,,"RASAR
(15/06/2025-21/06/2025)",,,"Cleaning
(06/07/2025-12/07/2025)",,,,"Guarding Duties
(03/08/2025-09/08/2025)","Test3
(10/08/2025-16/08/2025)",,,,,,,,,,,,,"Maintenance
(09/11/2025-15/11/2025)",,,"Maintenance
(30/11/2025-06/12/2025)",,,,
1000080,Worker 80,,,,,,,,,,,,,,,,,,,"Guarding Duties
(11/05/2025-17/05/2025)","Kitchen
(18/05/2025-24/05/2025)",,"Maintenance
(01/06/2025-07/06/2025)",,,"Security
(22/06/2025-28/06/2025)","Test1
(29/06/2025-05/07/2025)","Training
(06/07/2025-12/07/2025)",,,,,,,"Guarding Duties
(24/08/2025-30/08/2025)",,,,,,,,,,"Cleaning
(02/11/2025-08/11/2025)","Guarding Duties
(09/11/2025-15/11/2025)",,,"Training
(30/11/2025-06/12/2025)","Training
(07/12/2025-13/12/2025)",,,
1000081,Worker 81,,"Test2
(12/01/2025-18/01/2025)",,,,"Test2
(09/02/2025-15/02/2025)","Kitchen
(16/02/2025-22/02/2025)","Kitchen
(23/02/2025-01/03/2025)",,"Cleaning
(09/03/2025-15/03/2025)",,"Kitchen
(23/03/2025-29/03/2025)",,"RASAR
(06/04/2025-12/04/2025)",,,"Test1
(27/04/2025-03/05/2025)","Test3
(04/05/2025-10/05/2025)","Test1
(11/05/2025-17/05/2025)",,,,,,"Test1
(22/06/2025-28/06/2025)","Maintenance
(29/06/2025-05/07/2025)",,"Security
(13/07/2025-19/07/2025)",,,,,"Training
(17/08/2025-23/08/2025)","Training
(24/08/2025-30/08/2025)","Cleaning
(31/08/2025-06/09/2025)","Cleaning
(07/09/2025-13/09/2025)",,,,,"Security
(12/10/2025-18/10/2025)",,,,"Cleaning
(09/11/2025-15/11/2025)",,"Training
(23/11/2025-29/11/2025)","Test3
(30/11/2025-06/12/2025)","Cleaning
(07/12/2025-13/12/2025)",,,
1000082,Worker 82,,,,,"Test2
(02/02/2025-08/02/2025)","RASAR
(09/02/2025-15/02/2025)",,,,,,,,,,,,"Kitchen
(04/05/2025-10/05/2025)","Guarding Duties
(11/05/2025-17/05/2025)","Kitchen
(18/05/2025-24/05/2025)",,,,"Security
(15/06/2025-21/06/2025)",,"Maintenance
(29/06/2025-05/07/2025)","Test3
(06/07/2025-12/07/2025)",,,,,"Training
(10/08/2025-16/08/2025)",,"Maintenance
(24/08/2025-30/08/2025)",,,,"RASAR
(21/09/2025-27/09/2025)",,"Maintenance
(05/10/2025-11/10/2025)",,,"Test3
(26/10/2025-01/11/2025)",,,,,,"Security
(07/12/2025-13/12/2025)",,,
1000083,Worker 83,,,,,"Cleaning
(02/02/2025-08/02/2025)",,"Training
(16/02/2025-22/02/2025)",,,,,,,,,"Test3
(20/04/2025-26/04/2025)","Training
(27/04/2025-03/05/2025)","Test3
(04/05/2025-10/05/2025)","Guarding Duties
(11/05/2025-17/05/2025)",,"Test1
(25/05/2025-31/05/2025)","Cleaning
(01/06/2025-07/06/2025)",,,"Maintenance
(22/06/2025-28/06/2025)","Test2
(29/06/2025-05/07/2025)",,,,,,,"Training
(17/08/2025-23/08/2025)",,,,,,,,,,,,,,,"Test1
(30/11/2025-06/12/2025)",,,,
1000084,Worker 84,"Kitchen
(05/01/2025-11/01/2025)","Security
(12/01/2025-18/01/2025)",,,"Test2
(02/02/2025-08/02/2025)",,,,,"Kitchen
(09/03/2025-15/03/2025)",,,,"Cleaning
(06/04/2025-12/04/2025)",,,"Test3
(27/04/2025-03/05/2025)",,,"Test2
(18/05/2025-24/05/2025)",,,,,,"RASAR
(29/06/2025-05/07/2025)",,,,,"RASAR
(03/08/2025-09/08/2025)","Maintenance
(10/08/2025-16/08/2025)",,"Guarding Duties
(24/08/2025-30/08/2025)","Test1
(31/08/2025-06/09/2025)",,,,,"Security
(05/10/2025-11/10/2025)","Test3
(12/10/2025-18/10/2025)",,"Test1
(26/10/2025-01/11/2025)",,,,,,,,"Guarding Duties
(21/12/2025-27/12/2025)",
1000085,Worker 85,,,,,"Test3
(02/02/2025-08/02/2025)","Kitchen
(09/02/2025-15/02/2025)","Test2
(16/02/2025-22/02/2025)",,"Test3
(02/03/2025-08/03/2025)",,,,,"Test1
(06/04/2025-12/04/2025)",,,,,,,,,,,,,"Security
(06/07/2025-12/07/2025)",,,,,,"Cleaning
(17/08/2025-23/08/2025)","Kitchen
(24/08/2025-30/08/2025)",,,,,"Cleaning
(28/09/2025-04/10/2025)",,,"Kitchen
(19/10/2025-25/10/2025)",,,,,,,,"Test3
(14/12/2025-20/12/2025)","Maintenance
(21/12/2025-27/12/2025)","Training
(28/12/2025-03/01/2026)"
1000086,Worker 86,,"RASAR
(12/01/2025-18/01/2025)","Security
(19/01/2025-25/01/2025)",,,,,,,,"Kitchen
(16/03/2025-22/03/2025)",,,,"Cleaning
(13/04/2025-19/04/2025)",,"Test3
(27/04/2025-03/05/2025)",,"Security
(11/05/2025-17/05/2025)","Cleaning
(18/05/2025-24/05/2025)",,,,,"Maintenance
(22/06/2025-28/06/2025)",,,,,,"Test3
(03/08/2025-09/08/2025)",,,"Test3
(24/08/2025-30/08/2025)",,,,"Security
(21/09/2025-27/09/2025)","Guarding Duties
(28/09/2025-04/10/2025)",,,,,,"Test2
(09/11/2025-15/11/2025)",,,,"Kitchen
(07/12/2025-13/12/2025)",,"Test3
(21/12/2025-27/12/2025)","RASAR
(28/12/2025-03/01/2026)"
1000087,Worker 87,,,,,"Test2
(02/02/2025-08/02/2025)","Maintenance
(09/02/2025-15/02/2025)",,"Test2
(23/02/2025-01/03/2025)",,,,,,,,,,,"Kitchen
(11/05/2025-17/05/2025)",,"Maintenance
(25/05/2025-31/05/2025)","Training
(01/06/2025-07/06/2025)",,"Test3
(15/06/2025-21/06/2025)",,,"Guarding Duties
(06/07/2025-12/07/2025)",,,,,,,,,,,,,,"Maintenance
(12/10/2025-18/10/2025)",,,,,,,,,,"Security
(21/12/2025-27/12/2025)",
1000088,Worker 88,"Maintenance
(05/01/2025-11/01/2025)","Guarding Duties
(12/01/2025-18/01/2025)",,,,"Test2
(09/02/2025-15/02/2025)",,"RASAR
(23/02/2025-01/03/2025)","Guarding Duties
(02/03/2025-08/03/2025)",,"Security
(16/03/2025-22/03/2025)",,,"Test2
(06/04/2025-12/04/2025)",,,,"Security
(04/05/2025-10/05/2025)",,,"RASAR
(25/05/2025-31/05/2025)",,"Kitchen
(08/06/2025-14/06/2025)","Security
(15/06/2025-21/06/2025)","Cleaning
(22/06/2025-28/06/2025)","Test2
(29/06/2025-05/07/2025)","Training
(06/07/2025-12/07/2025)",,"Maintenance
(20/07/2025-26/07/2025)","Maintenance
(27/07/2025-02/08/2025)",,"Test1
(10/08/2025-16/08/2025)",,"Security
(24/08/2025-30/08/2025)","Kitchen
(31/08/2025-06/09/2025)","Test3
(07/09/2025-13/09/2025)","RASAR
(14/09/2025-20/09/2025)",,,,,,,,"Guarding Duties
(09/11/2025-15/11/2025)","Kitchen
(16/11/2025-22/11/2025)",,,"Test2
(07/12/2025-13/12/2025)",,,
1000089,Worker 89,,"Kitchen
(12/01/2025-18/01/2025)","Cleaning
(19/01/2025-25/01/2025)",,,,,,,"Test1
(09/03/2025-15/03/2025)",,,,"Guarding Duties
(06/04/2025-12/04/2025)",,,,"Guarding Duties
(04/05/2025-10/05/2025)",,"Test2
(18/05/2025-24/05/2025)","Cleaning
(25/05/2025-31/05/2025)",,,,,,,,"Test2
(20/07/2025-26/07/2025)","Test3
(27/07/2025-02/08/2025)","Test3
(03/08/2025-09/08/2025)",,,"RASAR
(24/08/2025-30/08/2025)",,,,,"Cleaning
(28/09/2025-04/10/2025)",,,,,"Guarding Duties
(02/11/2025-08/11/2025)",,"Maintenance
(16/11/2025-22/11/2025)","Kitchen
(23/11/2025-29/11/2025)",,,,,
1000090,Worker 90,,"Maintenance
(12/01/2025-18/01/2025)","Security
(19/01/2025-25/01/2025)",,"RASAR
(02/02/2025-08/02/2025)",,"Test1
(16/02/2025-22/02/2025)",,,"Training
(09/03/2025-15/03/2025)",,,,,,,,,,,,,,,,"Test3
(29/06/2025-05/07/2025)","Test1
(06/07/2025-12/07/2025)",,"Guarding Duties
(20/07/2025-26/07/2025)",,"Training
(03/08/2025-09/08/2025)",,,,"Test3
(31/08/2025-06/09/2025)",,,,,,,,"Guarding Duties
(26/10/2025-01/11/2025)","Training
(02/11/2025-08/11/2025)",,,,"Security
(30/11/2025-06/12/2025)","Maintenance
(07/12/2025-13/12/2025)",,,
1000091,Worker 91,,,,,,,"RASAR
(16/02/2025-22/02/2025)","Test1
(23/02/2025-01/03/2025)",,,,,,"Guarding Duties
(06/04/2025-12/04/2025)",,,"Guarding Duties
(27/04/2025-03/05/2025)",,,,"Guarding Duties
(25/05/2025-31/05/2025)","Cleaning
(01/06/2025-07/06/2025)","Kitchen
(08/06/2025-14/06/2025)",,,,,,,,"Test3
(03/08/2025-09/08/2025)",,,,"Cleaning
(31/08/2025-06/09/2025)",,,,,,,"Security
(19/10/2025-25/10/2025)",,"Test3
(02/11/2025-08/11/2025)",,"Cleaning
(16/11/2025-22/11/2025)",,,"Maintenance
(07/12/2025-13/12/2025)",,,
1000092,Worker 92,"Test2
(05/01/2025-11/01/2025)","Kitchen
(12/01/2025-18/01/2025)","Maintenance
(19/01/2025-25/01/2025)",,,,,,"Test2
(02/03/2025-08/03/2025)",,"RASAR
(16/03/2025-22/03/2025)",,"Cleaning
(30/03/2025-05/04/2025)","Test2
(06/04/2025-12/04/2025)",,,"RASAR
(27/04/2025-03/05/2025)",,,"Maintenance
(18/05/2025-24/05/2025)","Test2
(25/05/2025-31/05/2025)",,,,"Cleaning
(22/06/2025-28/06/2025)",,"Guarding Duties
(06/07/2025-12/07/2025)",,,,,"Guarding Duties
(10/08/2025-16/08/2025)",,,,,"RASAR
(14/09/2025-20/09/2025)",,,,,,,,,"Test1
(16/11/2025-22/11/2025)",,,"Kitchen
(07/12/2025-13/12/2025)",,"Kitchen
(21/12/2025-27/12/2025)",
1000093,Worker 93,,"Test2
(12/01/2025-18/01/2025)","Cleaning
(19/01/2025-25/01/2025)",,"Test2
(02/02/2025-08/02/2025)",,,"Test1
(23/02/2025-01/03/2025)",,"Test3
(09/03/2025-15/03/2025)","Test1
(16/03/2025-22/03/2025)",,,,,"Test3
(20/04/2025-26/04/2025)",,"Maintenance
(04/05/2025-10/05/2025)",,,"Test2
(25/05/2025-31/05/2025)",,,,,,,"Test1
(13/07/2025-19/07/2025)",,,,"Test1
(10/08/2025-16/08/2025)",,"Security
(24/08/2025-30/08/2025)",,,,,,,,,"Maintenance
(26/10/2025-01/11/2025)","Security
(02/11/2025-08/11/2025)","Test2
(09/11/2025-15/11/2025)",,"Test2
(23/11/2025-29/11/2025)",,,,,
1000094,Worker 94,,,,,,,,,,,,,"Guarding Duties
(30/03/2025-05/04/2025)",,"Training
(13/04/2025-19/04/2025)","Guarding Duties
(20/04/2025-26/04/2025)","Test3
(27/04/2025-03/05/2025)",,"Test3
(11/05/2025-17/05/2025)",,,,"Training
(08/06/2025-14/06/2025)",,,,,,"Test1
(20/07/2025-26/07/2025)",,,,,,,"Test2
(07/09/2025-13/09/2025)","Test3
(14/09/2025-20/09/2025)","RASAR
(21/09/2025-27/09/2025)","Training
(28/09/2025-04/10/2025)","Cleaning
(05/10/2025-11/10/2025)","Training
(12/10/2025-18/10/2025)",,,,,,,,,"Cleaning
(14/12/2025-20/12/2025)","RASAR
(21/12/2025-27/12/2025)","Cleaning
(28/12/2025-03/01/2026)"
1000095,Worker 95,,,,"RASAR
(26/01/2025-01/02/2025)",,,"RASAR
(16/02/2025-22/02/2025)","Guarding Duties
(23/02/2025-01/03/2025)","Training
(02/03/2025-08/03/2025)","Test2
(09/03/2025-15/03/2025)",,,,,,"RASAR
(20/04/2025-26/04/2025)",,,,"Training
(18/05/2025-24/05/2025)","Test1
(25/05/2025-31/05/2025)","Training
(01/06/2025-07/06/2025)",,,,,,,"Guarding Duties
(20/07/2025-26/07/2025)","Training
(27/07/2025-02/08/2025)","Cleaning
(03/08/2025-09/08/2025)",,,,"Test1
(31/08/2025-06/09/2025)","Test1
(07/09/2025-13/09/2025)",,,,,"Training
(12/10/2025-18/10/2025)",,"Cleaning
(26/10/2025-01/11/2025)","Guarding Duties
(02/11/2025-08/11/2025)",,,,,,,,
1000096,Worker 96,,,,,,"RASAR
(09/02/2025-15/02/2025)",,,,"Test2
(09/03/2025-15/03/2025)","Test1
(16/03/2025-22/03/2025)",,,"Cleaning
(06/04/2025-12/04/2025)","Test1
(13/04/2025-19/04/2025)",,,,,"Training
(18/05/2025-24/05/2025)",,"Cleaning
(01/06/2025-07/06/2025)","Guarding Duties
(08/06/2025-14/06/2025)","Security
(15/06/2025-21/06/2025)",,,"Kitchen
(06/07/2025-12/07/2025)","Kitchen
(13/07/2025-19/07/2025)",,,"Test3
(03/08/2025-09/08/2025)",,,,,,,,,,,"Maintenance
(19/10/2025-25/10/2025)",,,,"Test3
(16/11/2025-22/11/2025)","Maintenance
(23/11/2025-29/11/2025)",,"Test1
(07/12/2025-13/12/2025)",,"Security
(21/12/2025-27/12/2025)","RASAR
(28/12/2025-03/01/2026)"
1000097,Worker 97,"Test2
(05/01/2025-11/01/2025)",,,,,,,"Training
(23/02/2025-01/03/2025)",,,,,,"Test3
(06/04/2025-12/04/2025)",,,"Test3
(27/04/2025-03/05/2025)",,"Kitchen
(11/05/2025-17/05/2025)",,,,,,,,,,"Test2
(20/07/2025-26/07/2025)",,,"Test3
(10/08/2025-16/08/2025)","Security
(17/08/2025-23/08/2025)",,,,"Security
(14/09/2025-20/09/2025)",,,,,"RASAR
(19/10/2025-25/10/2025)",,,"Security
(09/11/2025-15/11/2025)",,,"Test3
(30/11/2025-06/12/2025)",,,,
1000098,Worker 98,,,,,"Test2
(02/02/2025-08/02/2025)","Cleaning
(09/02/2025-15/02/2025)",,,,,"Training
(16/03/2025-22/03/2025)",,,,"Cleaning
(13/04/2025-19/04/2025)",,,"Security
(04/05/2025-10/05/2025)",,,"Maintenance
(25/05/2025-31/05/2025)",,,"Test3
(15/06/2025-21/06/2025)",,,,"Cleaning
(13/07/2025-19/07/2025)","Guarding Duties
(20/07/2025-26/07/2025)","Test2
(27/07/2025-02/08/2025)",,"Test2
(10/08/2025-16/08/2025)",,,,"Kitchen
(07/09/2025-13/09/2025)",,,,,,,"Maintenance
(26/10/2025-01/11/2025)","Test2
(02/11/2025-08/11/2025)",,"Training
(16/11/2025-22/11/2025)","Kitchen
(23/11/2025-29/11/2025)",,,,,"Guarding Duties
(28/12/2025-03/01/2026)"
1000099,Worker 99,,,,,,,,,"RASAR
(02/03/2025-08/03/2025)",,,,,,"Test3
(13/04/2025-19/04/2025)","Training
(20/04/2025-26/04/2025)",,"Guarding Duties
(04/05/2025-10/05/2025)",,"Test2
(18/05/2025-24/05/2025)","Security
(25/05/2025-31/05/2025)",,,"Test3
(15/06/2025-21/06/2025)",,"Security
(29/06/2025-05/07/2025)",,"Test1
(13/07/2025-19/07/2025)",,,,"Test1
(10/08/2025-16/08/2025)",,,"Guarding Duties
(31/08/2025-06/09/2025)",,,,"Maintenance
(28/09/2025-04/10/2025)",,"Maintenance
(12/10/2025-18/10/2025)","Guarding Duties
(19/10/2025-25/10/2025)","Guarding Duties
(26/10/2025-01/11/2025)",,"Test3
(09/11/2025-15/11/2025)","Test3
(16/11/2025-22/11/2025)",,,,,,
1000100,Worker 100,,"Test1
(12/01/2025-18/01/2025)",,"Maintenance
(26/01/2025-01/02/2025)","Security
(02/02/2025-08/02/2025)",,,,"Test3
(02/03/2025-08/03/2025)",,,,"Maintenance
(30/03/2025-05/04/2025)",,,"Training
(20/04/2025-26/04/2025)",,"Test1
(04/05/2025-10/05/2025)",,,"Kitchen
(25/05/2025-31/05/2025)","Maintenance
(01/06/2025-07/06/2025)",,,,,,,"Test3
(20/07/2025-26/07/2025)",,,,,,,"Test1
(07/09/2025-13/09/2025)",,,,,"RASAR
(12/10/2025-18/10/2025)",,"Test3
(26/10/2025-01/11/2025)","Guarding Duties
(02/11/2025-08/11/2025)",,"Test2
(16/11/2025-22/11/2025)","Kitchen
(23/11/2025-29/11/2025)","Test2
(30/11/2025-06/12/2025)",,"Test2
(14/12/2025-20/12/2025)","Test2
(21/12/2025-27/12/2025)",
1000101,Worker 101,,"Maintenance
(12/01/2025-18/01/2025)","Test1
(19/01/2025-25/01/2025)","Test1
(26/01/2025-01/02/2025)","Test1
(02/02/2025-08/02/2025)",,,"Guarding Duties
(23/02/2025-01/03/2025)","RASAR
(02/03/2025-08/03/2025)","Maintenance
(09/03/2025-15/03/2025)","Cleaning
(16/03/2025-22/03/2025)","Cleaning
(23/03/2025-29/03/2025)",,"Kitchen
(06/04/2025-12/04/2025)",,"Guarding Duties
(20/04/2025-26/04/2025)",,,,"Test1
(18/05/2025-24/05/2025)",,,"Training
(08/06/2025-14/06/2025)",,"Test3
(22/06/2025-28/06/2025)",,,"Test3
(13/07/2025-19/07/2025)",,,,"Test3
(10/08/2025-16/08/2025)",,"RASAR
(24/08/2025-30/08/2025)",,,"Kitchen
(14/09/2025-20/09/2025)",,,,,,,,,,,,,,,"Test2
(28/12/2025-03/01/2026)"
1000102,Worker 102,"Training
(05/01/2025-11/01/2025)",,,,"Test2
(02/02/2025-08/02/2025)",,,,"Maintenance
(02/03/2025-08/03/2025)",,,,,,,,,,"Security
(11/05/2025-17/05/2025)",,"Test2
(25/05/2025-31/05/2025)",,,,,,,"Training
(13/07/2025-19/07/2025)",,,"Kitchen
(03/08/2025-09/08/2025)",,,,,"Maintenance
(07/09/2025-13/09/2025)",,,,"Test3
(05/10/2025-11/10/2025)","Cleaning
(12/10/2025-18/10/2025)","Training
(19/10/2025-25/10/2025)",,,,,,,,,,"RASAR
(28/12/2025-03/01/2026)"
1000103,Worker 103,,,,,,"Security
(09/02/2025-15/02/2025)",,,,,"Cleaning
(16/03/2025-22/03/2025)","Test3
(23/03/2025-29/03/2025)",,,"Test1
(13/04/2025-19/04/2025)",,,,,,"Maintenance
(25/05/2025-31/05/2025)","Cleaning
(01/06/2025-07/06/2025)",,,,,,"Security
(13/07/2025-19/07/2025)",,,,,"Guarding Duties
(17/08/2025-23/08/2025)",,,,,,,,,,,,,"Guarding Duties
(16/11/2025-22/11/2025)",,,,,,
1000104,Worker 104,"Cleaning
(05/01/2025-11/01/2025)","Test1
(12/01/2025-18/01/2025)",,"RASAR
(26/01/2025-01/02/2025)",,,,,"Guarding Duties
(02/03/2025-08/03/2025)","Training
(09/03/2025-15/03/2025)",,,,,,,,,"Kitchen
(11/05/2025-17/05/2025)",,"Test3
(25/05/2025-31/05/2025)",,"Cleaning
(08/06/2025-14/06/2025)","Security
(15/06/2025-21/06/2025)","Test1
(22/06/2025-28/06/2025)",,"Cleaning
(06/07/2025-12/07/2025)",,,,,,,,,"Guarding Duties
(07/09/2025-13/09/2025)","Training
(14/09/2025-20/09/2025)",,,"RASAR
(05/10/2025-11/10/2025)",,,,,,"Cleaning
(16/11/2025-22/11/2025)",,"Test2
(30/11/2025-06/12/2025)",,"Kitchen
(14/12/2025-20/12/2025)",,
1000105,Worker 105,,,,,"Test1
(02/02/2025-08/02/2025)",,"Security
(16/02/2025-22/02/2025)","RASAR
(23/02/2025-01/03/2025)",,"Test1
(09/03/2025-15/03/2025)","Kitchen
(16/03/2025-22/03/2025)","Security
(23/03/2025-29/03/2025)","Test3
(30/03/2025-05/04/2025)",,,,"RASAR
(27/04/2025-03/05/2025)",,"Maintenance
(11/05/2025-17/05/2025)",,,,,"Guarding Duties
(15/06/2025-21/06/2025)",,"RASAR
(29/06/2025-05/07/2025)",,"Guarding Duties
(13/07/2025-19/07/2025)",,"RASAR
(27/07/2025-02/08/2025)","Security
(03/08/2025-09/08/2025)",,,,,,,,,,,"Training
(19/10/2025-25/10/2025)",,"Test2
(02/11/2025-08/11/2025)",,,"Guarding Duties
(23/11/2025-29/11/2025)","Test2
(30/11/2025-06/12/2025)",,,"Kitchen
(21/12/2025-27/12/2025)",
1000106,Worker 106,,,,"Security
(26/01/2025-01/02/2025)",,,,"Test3
(23/02/2025-01/03/2025)",,,,,,,,"Test3
(20/04/2025-26/04/2025)",,,,,,,,,,,,,,,"Kitchen
(03/08/2025-09/08/2025)",,,"Cleaning
(24/08/2025-30/08/2025)","Security
(31/08/2025-06/09/2025)",,,,"Maintenance
(28/09/2025-04/10/2025)",,"Maintenance
(12/10/2025-18/10/2025)","RASAR
(19/10/2025-25/10/2025)",,,,,,,,,"Guarding Duties
(21/12/2025-27/12/2025)","Guarding Duties
(28/12/2025-03/01/2026)"
1000107,Worker 107,,"Kitchen
(12/01/2025-18/01/2025)","Maintenance
(19/01/2025-25/01/2025)",,,,,,,,,,,"Training
(06/04/2025-12/04/2025)",,,"Cleaning
(27/04/2025-03/05/2025)",,,,,,"Security
(08/06/2025-14/06/2025)",,,,,"Security
(13/07/2025-19/07/2025)",,,,"Guarding Duties
(10/08/2025-16/08/2025)","Kitchen
(17/08/2025-23/08/2025)",,,,"Training
(14/09/2025-20/09/2025)","Training
(21/09/2025-27/09/2025)",,,"Security
(12/10/2025-18/10/2025)",,,,,,,,"Test3
(07/12/2025-13/12/2025)",,,"Cleaning
(28/12/2025-03/01/2026)"
1000108,Worker 108,"Test1
(05/01/2025-11/01/2025)",,,,,"Test3
(09/02/2025-15/02/2025)",,,,,"Test2
(16/03/2025-22/03/2025)",,,,,,"Maintenance
(27/04/2025-03/05/2025)",,,,,,"Cleaning
(08/06/2025-14/06/2025)","RASAR
(15/06/2025-21/06/2025)",,,,,,,,,,,,,,,,,,,,"Test1
(02/11/2025-08/11/2025)",,"RASAR
(16/11/2025-22/11/2025)",,,,,,
1000109,Worker 109,,,"Guarding Duties
(19/01/2025-25/01/2025)",,"Guarding Duties
(02/02/2025-08/02/2025)",,,,,,,,"RASAR
(30/03/2025-05/04/2025)","RASAR
(06/04/2025-12/04/2025)","Training
(13/04/2025-19/04/2025)","Training
(20/04/2025-26/04/2025)",,"Cleaning
(04/05/2025-10/05/2025)","RASAR
(11/05/2025-17/05/2025)",,,,,,,"Test2
(29/06/2025-05/07/2025)","Test3
(06/07/2025-12/07/2025)","Maintenance
(13/07/2025-19/07/2025)","RASAR
(20/07/2025-26/07/2025)",,,,,"RASAR
(24/08/2025-30/08/2025)",,,,,"Security
(28/09/2025-04/10/2025)",,"Security
(12/10/2025-18/10/2025)",,,"Test1
(02/11/2025-08/11/2025)","Security
(09/11/2025-15/11/2025)",,,,"Guarding Duties
(07/12/2025-13/12/2025)",,"Test2
(21/12/2025-27/12/2025)",
1000110,Worker 110,,,"Guarding Duties
(19/01/2025-25/01/2025)","Training
(26/01/2025-01/02/2025)",,,"Test1
(16/02/2025-22/02/2025)",,,,,"Test3
(23/03/2025-29/03/2025)","Kitchen
(30/03/2025-05/04/2025)",,"Test3
(13/04/2025-19/04/2025)",,,,,,"Training
(25/05/2025-31/05/2025)",,,,"RASAR
(22/06/2025-28/06/2025)","Maintenance
(29/06/2025-05/07/2025)","Guarding Duties
(06/07/2025-12/07/2025)","Training
(13/07/2025-19/07/2025)","Maintenance
(20/07/2025-26/07/2025)",,"Guarding Duties
(03/08/2025-09/08/2025)",,,,"Maintenance
(31/08/2025-06/09/2025)",,,,,"Guarding Duties
(05/10/2025-11/10/2025)","Cleaning
(12/10/2025-18/10/2025)","Maintenance
(19/10/2025-25/10/2025)","Cleaning
(26/10/2025-01/11/2025)",,,,,,,,,
1000111,Worker 111,"Test2
(05/01/2025-11/01/2025)","Training
(12/01/2025-18/01/2025)","RASAR
(19/01/2025-25/01/2025)","Test2
(26/01/2025-01/02/2025)",,,,,,"Test2
(09/03/2025-15/03/2025)",,,,,"Cleaning
(13/04/2025-19/04/2025)",,"Test1
(27/04/2025-03/05/2025)",,,,,"Test3
(01/06/2025-07/06/2025)","Training
(08/06/2025-14/06/2025)",,,,,,,"RASAR
(27/07/2025-02/08/2025)",,"Training
(10/08/2025-16/08/2025)",,,"Cleaning
(31/08/2025-06/09/2025)","Security
(07/09/2025-13/09/2025)",,,,,,,,,,,,"Training
(30/11/2025-06/12/2025)",,"Test2
(14/12/2025-20/12/2025)","Test3
(21/12/2025-27/12/2025)","RASAR
(28/12/2025-03/01/2026)"
1000112,Worker 112,,,"Kitchen
(19/01/2025-25/01/2025)","RASAR
(26/01/2025-01/02/2025)",,,,,,"Test2
(09/03/2025-15/03/2025)",,"Test2
(23/03/2025-29/03/2025)",,"Maintenance
(06/04/2025-12/04/2025)",,,"Test3
(27/04/2025-03/05/2025)",,,,,,"Test2
(08/06/2025-14/06/2025)",,,"Maintenance
(29/06/2025-05/07/2025)","RASAR
(06/07/2025-12/07/2025)",,,,,,,"Security
(24/08/2025-30/08/2025)",,,"Cleaning
(14/09/2025-20/09/2025)","Training
(21/09/2025-27/09/2025)","Training
(28/09/2025-04/10/2025)",,,,"Guarding Duties
(26/10/2025-01/11/2025)",,,"Test2
(16/11/2025-22/11/2025)","Cleaning
(23/11/2025-29/11/2025)",,"Cleaning
(07/12/2025-13/12/2025)",,,"Test1
(28/12/2025-03/01/2026)"
1000113,Worker 113,"Kitchen
(05/01/2025-11/01/2025)","Cleaning
(12/01/2025-18/01/2025)",,,"Cleaning
(02/02/2025-08/02/2025)",,,,,"Guarding Duties
(09/03/2025-15/03/2025)",,"Training
(23/03/2025-29/03/2025)","Security
(30/03/2025-05/04/2025)","Security
(06/04/2025-12/04/2025)","Test1
(13/04/2025-19/04/2025)",,,,,"Test3
(18/05/2025-24/05/2025)",,"Cleaning
(01/06/2025-07/06/2025)",,,,"Test3
(29/06/2025-05/07/2025)",,,"Cleaning
(20/07/2025-26/07/2025)",,,,,,,"Training
(07/09/2025-13/09/2025)",,,,,,,,,,,,"Cleaning
(30/11/2025-06/12/2025)","Test2
(07/12/2025-13/12/2025)","Kitchen
(14/12/2025-20/12/2025)","Cleaning
(21/12/2025-27/12/2025)",
1000114,Worker 114,,"Test3
(12/01/2025-18/01/2025)","Kitchen
(19/01/2025-25/01/2025)",,,,,"Test2
(23/02/2025-01/03/2025)",,,,"Cleaning
(23/03/2025-29/03/2025)",,"Security
(06/04/2025-12/04/2025)",,,"Guarding Duties
(27/04/2025-03/05/2025)","Training
(04/05/2025-10/05/2025)",,,"Guarding Duties
(25/05/2025-31/05/2025)",,,,,"Test3
(29/06/2025-05/07/2025)",,"Training
(13/07/2025-19/07/2025)","Training
(20/07/2025-26/07/2025)",,,,,,,,,"Test2
(21/09/2025-27/09/2025)",,"Cleaning
(05/10/2025-11/10/2025)","Test3
(12/10/2025-18/10/2025)",,,,"Test3
(09/11/2025-15/11/2025)",,,"Guarding Duties
(30/11/2025-06/12/2025)","Cleaning
(07/12/2025-13/12/2025)","Test3
(14/12/2025-20/12/2025)",,"Guarding Duties
(28/12/2025-03/01/2026)"
1000115,Worker 115,,,,,,"Guarding Duties
(09/02/2025-15/02/2025)","RASAR
(16/02/2025-22/02/2025)",,,,,,,,"Maintenance
(13/04/2025-19/04/2025)",,,"Maintenance
(04/05/2025-10/05/2025)",,,"Maintenance
(25/05/2025-31/05/2025)",,,,,,,,"Kitchen
(20/07/2025-26/07/2025)",,,"Kitchen
(10/08/2025-16/08/2025)","Guarding Duties
(17/08/2025-23/08/2025)",,,"Training
(07/09/2025-13/09/2025)","Training
(14/09/2025-20/09/2025)","RASAR
(21/09/2025-27/09/2025)",,,"RASAR
(12/10/2025-18/10/2025)",,"Maintenance
(26/10/2025-01/11/2025)",,"Guarding Duties
(09/11/2025-15/11/2025)",,"Cleaning
(23/11/2025-29/11/2025)","Test1
(30/11/2025-06/12/2025)",,,"Test2
(21/12/2025-27/12/2025)",
1000116,Worker 116,,,"Security
(19/01/2025-25/01/2025)",,,,"Test1
(16/02/2025-22/02/2025)",,,,,,,"Guarding Duties
(06/04/2025-12/04/2025)","Kitchen
(13/04/2025-19/04/2025)","Training
(20/04/2025-26/04/2025)",,"Test1
(04/05/2025-10/05/2025)",,,,,"Security
(08/06/2025-14/06/2025)",,"Training
(22/06/2025-28/06/2025)",,,,,,,"Test1
(10/08/2025-16/08/2025)",,"RASAR
(24/08/2025-30/08/2025)","Test1
(31/08/2025-06/09/2025)",,,,,"Cleaning
(05/10/2025-11/10/2025)","Guarding Duties
(12/10/2025-18/10/2025)",,,,,,,,"RASAR
(07/12/2025-13/12/2025)",,,"Test2
(28/12/2025-03/01/2026)"
1000117,Worker 117,,,,"Test1
(26/01/2025-01/02/2025)","RASAR
(02/02/2025-08/02/2025)","Test3
(09/02/2025-15/02/2025)","Maintenance
(16/02/2025-22/02/2025)","RASAR
(23/02/2025-01/03/2025)","Training
(02/03/2025-08/03/2025)",,,,"Kitchen
(30/03/2025-05/04/2025)",,"Test2
(13/04/2025-19/04/2025)",,,,"Test2
(11/05/2025-17/05/2025)",,"Training
(25/05/2025-31/05/2025)",,,,"Security
(22/06/2025-28/06/2025)",,"Maintenance
(06/07/2025-12/07/2025)","Maintenance
(13/07/2025-19/07/2025)","RASAR
(20/07/2025-26/07/2025)",,,,"Maintenance
(17/08/2025-23/08/2025)",,,,"Training
(14/09/2025-20/09/2025)","Cleaning
(21/09/2025-27/09/2025)",,"RASAR
(05/10/2025-11/10/2025)",,,"RASAR
(26/10/2025-01/11/2025)",,"Test3
(09/11/2025-15/11/2025)",,"Cleaning
(23/11/2025-29/11/2025)",,"Test1
(07/12/2025-13/12/2025)","Test3
(14/12/2025-20/12/2025)",,
1000118,Worker 118,,,,,"Test1
(02/02/2025-08/02/2025)",,"Kitchen
(16/02/2025-22/02/2025)",,"Test2
(02/03/2025-08/03/2025)","Maintenance
(09/03/2025-15/03/2025)",,,"Test2
(30/03/2025-05/04/2025)","Cleaning
(06/04/2025-12/04/2025)","Maintenance
(13/04/2025-19/04/2025)","Test3
(20/04/2025-26/04/2025)",,,"Cleaning
(11/05/2025-17/05/2025)",,"Kitchen
(25/05/2025-31/05/2025)","Kitchen
(01/06/2025-07/06/2025)","Test1
(08/06/2025-14/06/2025)",,,,,,,,,,"Cleaning
(17/08/2025-23/08/2025)","Training
(24/08/2025-30/08/2025)","Test2
(31/08/2025-06/09/2025)",,"Training
(14/09/2025-20/09/2025)","Test1
(21/09/2025-27/09/2025)",,"Training
(05/10/2025-11/10/2025)",,"Training
(19/10/2025-25/10/2025)","Test1
(26/10/2025-01/11/2025)","Cleaning
(02/11/2025-08/11/2025)",,"Guarding Duties
(16/11/2025-22/11/2025)",,"Test1
(30/11/2025-06/12/2025)",,,,
1000119,Worker 119,"Test3
(05/01/2025-11/01/2025)","Test3
(12/01/2025-18/01/2025)",,"Training
(26/01/2025-01/02/2025)","Guarding Duties
(02/02/2025-08/02/2025)",,"Security
(16/02/2025-22/02/2025)",,"Maintenance
(02/03/2025-08/03/2025)","Test2
(09/03/2025-15/03/2025)",,,,,,,"Kitchen
(27/04/2025-03/05/2025)",,,"Test3
(18/05/2025-24/05/2025)",,"Test1
(01/06/2025-07/06/2025)",,"Training
(15/06/2025-21/06/2025)","Kitchen
(22/06/2025-28/06/2025)",,"Test2
(06/07/2025-12/07/2025)",,"RASAR
(20/07/2025-26/07/2025)","Security
(27/07/2025-02/08/2025)",,"Test2
(10/08/2025-16/08/2025)",,,,"RASAR
(07/09/2025-13/09/2025)",,,"Test3
(28/09/2025-04/10/2025)",,,"Training
(19/10/2025-25/10/2025)",,,"Training
(09/11/2025-15/11/2025)",,,,,,,"Maintenance
(28/12/2025-03/01/2026)"
1000120,Worker 120,,"Cleaning
(12/01/2025-18/01/2025)",,"Security
(26/01/2025-01/02/2025)",,,"Security
(16/02/2025-22/02/2025)",,,,,,,,,"Kitchen
(20/04/2025-26/04/2025)",,"Cleaning
(04/05/2025-10/05/2025)","Security
(11/05/2025-17/05/2025)","Test3
(18/05/2025-24/05/2025)",,,,,,,,,,,,"Test1
(10/08/2025-16/08/2025)",,"Kitchen
(24/08/2025-30/08/2025)",,,,"RASAR
(21/09/2025-27/09/2025)",,,,,,,"Test2
(09/11/2025-15/11/2025)",,,"Test3
(30/11/2025-06/12/2025)",,,"Test3
(21/12/2025-27/12/2025)",
1000121,Worker 121,,,,"Cleaning
(26/01/2025-01/02/2025)",,,,"Guarding Duties
(23/02/2025-01/03/2025)",,"Cleaning
(09/03/2025-15/03/2025)","Maintenance
(16/03/2025-22/03/2025)",,,,,"Kitchen
(20/04/2025-26/04/2025)",,,"Cleaning
(11/05/2025-17/05/2025)",,,"RASAR
(01/06/2025-07/06/2025)",,,,,"RASAR
(06/07/2025-12/07/2025)","Training
(13/07/2025-19/07/2025)",,,"Cleaning
(03/08/2025-09/08/2025)",,,,,,,,,,,,"Test1
(26/10/2025-01/11/2025)","RASAR
(02/11/2025-08/11/2025)",,,,,,"Test1
(14/12/2025-20/12/2025)",,
1000122,Worker 122,,,,,,"Test1
(09/02/2025-15/02/2025)",,,,,,,"Training
(30/03/2025-05/04/2025)","Test1
(06/04/2025-12/04/2025)",,,,,,,"Test2
(25/05/2025-31/05/2025)","RASAR
(01/06/2025-07/06/2025)",,,,,,,,"Maintenance
(27/07/2025-02/08/2025)",,,"Kitchen
(17/08/2025-23/08/2025)",,,"RASAR
(07/09/2025-13/09/2025)","Guarding Duties
(14/09/2025-20/09/2025)","Test2
(21/09/2025-27/09/2025)",,,,,"RASAR
(26/10/2025-01/11/2025)",,"Security
(09/11/2025-15/11/2025)",,,,,"Test1
(14/12/2025-20/12/2025)","Test2
(21/12/2025-27/12/2025)",
1000123,Worker 123,,,,,,,,,,"Kitchen
(09/03/2025-15/03/2025)",,"Test3
(23/03/2025-29/03/2025)",,"RASAR
(06/04/2025-12/04/2025)",,,,,,,,"Guarding Duties
(01/06/2025-07/06/2025)",,"Security
(15/06/2025-21/06/2025)",,,,"RASAR
(13/07/2025-19/07/2025)",,,"Training
(03/08/2025-09/08/2025)",,"RASAR
(17/08/2025-23/08/2025)",,,,"Test2
(14/09/2025-20/09/2025)",,"Test3
(28/09/2025-04/10/2025)","Test2
(05/10/2025-11/10/2025)",,,,"Test1
(02/11/2025-08/11/2025)",,,,,,"RASAR
(14/12/2025-20/12/2025)",,
1000124,Worker 124,,,,,,,"Test3
(16/02/2025-22/02/2025)",,,,,,,,,,"Training
(27/04/2025-03/05/2025)","Guarding Duties
(04/05/2025-10/05/2025)",,"RASAR
(18/05/2025-24/05/2025)",,"RASAR
(01/06/2025-07/06/2025)",,"Guarding Duties
(15/06/2025-21/06/2025)",,"Security
(29/06/2025-05/07/2025)",,,"Kitchen
(20/07/2025-26/07/2025)",,,"Test3
(10/08/2025-16/08/2025)",,,"Maintenance
(31/08/2025-06/09/2025)",,"Maintenance
(14/09/2025-20/09/2025)",,,,,,,,,,,,,,,
1000125,Worker 125,,"Cleaning
(12/01/2025-18/01/2025)",,,,,,,"Cleaning
(02/03/2025-08/03/2025)",,,"Test2
(23/03/2025-29/03/2025)","Test1
(30/03/2025-05/04/2025)",,"Kitchen
(13/04/2025-19/04/2025)","Test1
(20/04/2025-26/04/2025)",,"Maintenance
(04/05/2025-10/05/2025)",,,,,,,,,"Kitchen
(06/07/2025-12/07/2025)",,,"Guarding Duties
(27/07/2025-02/08/2025)",,,"Guarding Duties
(17/08/2025-23/08/2025)",,,,,,"Training
(28/09/2025-04/10/2025)",,"Test2
(12/10/2025-18/10/2025)",,,,,,,,,,,"Training
(28/12/2025-03/01/2026)"
1000126,Worker 126,,"Training
(12/01/2025-18/01/2025)",,"RASAR
(26/01/2025-01/02/2025)",,,"Kitchen
(16/02/2025-22/02/2025)",,,"Test3
(09/03/2025-15/03/2025)",,,,,,"Cleaning
(20/04/2025-26/04/2025)",,"Maintenance
(04/05/2025-10/05/2025)",,,,,,"Security
(15/06/2025-21/06/2025)",,"Test3
(29/06/2025-05/07/2025)",,"Security
(13/07/2025-19/07/2025)",,,"Kitchen
(03/08/2025-09/08/2025)",,,"Kitchen
(24/08/2025-30/08/2025)",,"Training
(07/09/2025-13/09/2025)",,,,"Maintenance
(05/10/2025-11/10/2025)",,"Test2
(19/10/2025-25/10/2025)",,,,,,,,,,
1000127,Worker 127,,,,,,,,,,,,,,"Cleaning
(06/04/2025-12/04/2025)",,"Guarding Duties
(20/04/2025-26/04/2025)",,,,,,,,,,,,,,,"Training
(03/08/2025-09/08/2025)",,,,,"Test3
(07/09/2025-13/09/2025)",,"Test3
(21/09/2025-27/09/2025)",,"Kitchen
(05/10/2025-11/10/2025)","Kitchen
(12/10/2025-18/10/2025)","Guarding Duties
(19/10/2025-25/10/2025)","Test1
(26/10/2025-01/11/2025)",,"Cleaning
(09/11/2025-15/11/2025)",,,"Test1
(30/11/2025-06/12/2025)",,,,"RASAR
(28/12/2025-03/01/2026)"
1000128,Worker 128,"Maintenance
(05/01/2025-11/01/2025)","Test1
(12/01/2025-18/01/2025)",,"Guarding Duties
(26/01/2025-01/02/2025)",,,,,"Guarding Duties
(02/03/2025-08/03/2025)",,,,"Training
(30/03/2025-05/04/2025)",,,,,,,,"Training
(25/05/2025-31/05/2025)",,,"Test1
(15/06/2025-21/06/2025)","Security
(22/06/2025-28/06/2025)",,"Guarding Duties
(06/07/2025-12/07/2025)",,"Test3
(20/07/2025-26/07/2025)",,,,"Test2
(17/08/2025-23/08/2025)",,,,"Test2
(14/09/2025-20/09/2025)","Kitchen
(21/09/2025-27/09/2025)",,"Cleaning
(05/10/2025-11/10/2025)",,,"Test1
(26/10/2025-01/11/2025)",,"Cleaning
(09/11/2025-15/11/2025)",,,,,,"Security
(21/12/2025-27/12/2025)",
1000129,Worker 129,,,"Cleaning
(19/01/2025-25/01/2025)",,,"Maintenance
(09/02/2025-15/02/2025)",,,,,"Maintenance
(16/03/2025-22/03/2025)",,"Cleaning
(30/03/2025-05/04/2025)",,,"Test2
(20/04/2025-26/04/2025)",,,,,,,,"Test2
(15/06/2025-21/06/2025)",,,,,,"Maintenance
(27/07/2025-02/08/2025)",,"Cleaning
(10/08/2025-16/08/2025)",,,"Guarding Duties
(31/08/2025-06/09/2025)",,,,"Test1
(28/09/2025-04/10/2025)","Training
(05/10/2025-11/10/2025)",,,"Test1
(26/10/2025-01/11/2025)","Cleaning
(02/11/2025-08/11/2025)",,,,,,,,"RASAR
(28/12/2025-03/01/2026)"
1000130,Worker 130,,"Cleaning
(12/01/2025-18/01/2025)",,,,,,,,,,,,,"Guarding Duties
(13/04/2025-19/04/2025)",,,,,"RASAR
(18/05/2025-24/05/2025)",,,,"Test2
(15/06/2025-21/06/2025)",,,,"Test3
(13/07/2025-19/07/2025)",,,,"Security
(10/08/2025-16/08/2025)","Test3
(17/08/2025-23/08/2025)",,"Maintenance
(31/08/2025-06/09/2025)",,"Guarding Duties
(14/09/2025-20/09/2025)",,,"Cleaning
(05/10/2025-11/10/2025)",,"Cleaning
(19/10/2025-25/10/2025)",,,"Training
(09/11/2025-15/11/2025)",,"RASAR
(23/11/2025-29/11/2025)","Training
(30/11/2025-06/12/2025)",,,"RASAR
(21/12/2025-27/12/2025)","Test3
(28/12/2025-03/01/2026)"
1000131,Worker 131,,"Maintenance
(12/01/2025-18/01/2025)",,,,"Training
(09/02/2025-15/02/2025)",,,,"Maintenance
(09/03/2025-15/03/2025)",,,"Maintenance
(30/03/2025-05/04/2025)","Cleaning
(06/04/2025-12/04/2025)","Test2
(13/04/2025-19/04/2025)",,,,"Test2
(11/05/2025-17/05/2025)",,,,,,"Training
(22/06/2025-28/06/2025)","Kitchen
(29/06/2025-05/07/2025)","RASAR
(06/07/2025-12/07/2025)","Security
(13/07/2025-19/07/2025)","Kitchen
(20/07/2025-26/07/2025)",,,,"RASAR
(17/08/2025-23/08/2025)",,,"Guarding Duties
(07/09/2025-13/09/2025)",,,,,,,"Test1
(26/10/2025-01/11/2025)",,,,,,,,"Test2
(21/12/2025-27/12/2025)",
1000132,Worker 132,,,,,,"Maintenance
(09/02/2025-15/02/2025)",,,,"RASAR
(09/03/2025-15/03/2025)",,,,"Cleaning
(06/04/2025-12/04/2025)","Kitchen
(13/04/2025-19/04/2025)","Test2
(20/04/2025-26/04/2025)","Test1
(27/04/2025-03/05/2025)",,"Kitchen
(11/05/2025-17/05/2025)","Test1
(18/05/2025-24/05/2025)","Kitchen
(25/05/2025-31/05/2025)",,"Test3
(08/06/2025-14/06/2025)","Guarding Duties
(15/06/2025-21/06/2025)",,,,"Cleaning
(13/07/2025-19/07/2025)","Security
(20/07/2025-26/07/2025)",,"Test3
(03/08/2025-09/08/2025)",,,,,,,,,,"Kitchen
(12/10/2025-18/10/2025)",,,,"Test2
(09/11/2025-15/11/2025)","Cleaning
(16/11/2025-22/11/2025)",,,,,,"Cleaning
(28/12/2025-03/01/2026)"
1000133,Worker 133,,,,,,"Test3
(09/02/2025-15/02/2025)",,"Test3
(23/02/2025-01/03/2025)",,,"Kitchen
(16/03/2025-22/03/2025)",,,"RASAR
(06/04/2025-12/04/2025)",,,,"Test2
(04/05/2025-10/05/2025)","Training
(11/05/2025-17/05/2025)",,"Test3
(25/05/2025-31/05/2025)",,"Guarding Duties
(08/06/2025-14/06/2025)",,"RASAR
(22/06/2025-28/06/2025)",,,"RASAR
(13/07/2025-19/07/2025)",,,,,,,,,,,,"RASAR
(05/10/2025-11/10/2025)",,,,,,"Maintenance
(16/11/2025-22/11/2025)",,"Maintenance
(30/11/2025-06/12/2025)",,,,"Cleaning
(28/12/2025-03/01/2026)"
1000134,Worker 134,,"Security
(12/01/2025-18/01/2025)",,,"RASAR
(02/02/2025-08/02/2025)",,,"Guarding Duties
(23/02/2025-01/03/2025)",,,,"RASAR
(23/03/2025-29/03/2025)","Test3
(30/03/2025-05/04/2025)","Cleaning
(06/04/2025-12/04/2025)",,,,,"Security
(11/05/2025-17/05/2025)",,,,,,,,,,,,"Test1
(03/08/2025-09/08/2025)",,,,,,"Guarding Duties
(14/09/2025-20/09/2025)",,,,,,,,"Training
(09/11/2025-15/11/2025)",,,,,,,
1000135,Worker 135,,,,"Maintenance
(26/01/2025-01/02/2025)",,,,,,,,,,,,,"Test3
(27/04/2025-03/05/2025)","Security
(04/05/2025-10/05/2025)",,,,,"Cleaning
(08/06/2025-14/06/2025)",,"Test3
(22/06/2025-28/06/2025)","Maintenance
(29/06/2025-05/07/2025)",,,"RASAR
(20/07/2025-26/07/2025)",,"Test1
(03/08/2025-09/08/2025)",,"Test1
(17/08/2025-23/08/2025)",,"RASAR
(31/08/2025-06/09/2025)",,,,,,,"Security
(19/10/2025-25/10/2025)",,,,,,,"Guarding Duties
(07/12/2025-13/12/2025)",,,"Test2
(28/12/2025-03/01/2026)"
1000136,Worker 136,,,"Test2
(19/01/2025-25/01/2025)",,,,,,,,,,,,,,,,,,,,,,,,,"Maintenance
(13/07/2025-19/07/2025)",,,,"RASAR
(10/08/2025-16/08/2025)",,,,"Maintenance
(07/09/2025-13/09/2025)",,,,,"Kitchen
(12/10/2025-18/10/2025)",,,,,"Test1
(16/11/2025-22/11/2025)","Maintenance
(23/11/2025-29/11/2025)",,,"Security
(14/12/2025-20/12/2025)",,
1000137,Worker 137,,,,,,"Maintenance
(09/02/2025-15/02/2025)","Security
(16/02/2025-22/02/2025)",,"Guarding Duties
(02/03/2025-08/03/2025)",,,,,"Training
(06/04/2025-12/04/2025)",,,,,,,,"Maintenance
(01/06/2025-07/06/2025)",,,,,,,"Kitchen
(20/07/2025-26/07/2025)",,,,"Test3
(17/08/2025-23/08/2025)","Security
(24/08/2025-30/08/2025)",,"Test1
(07/09/2025-13/09/2025)",,,"Training
(28/09/2025-04/10/2025)","Test1
(05/10/2025-11/10/2025)",,,,,,"Training
(16/11/2025-22/11/2025)","Guarding Duties
(23/11/2025-29/11/2025)",,,"Security
(14/12/2025-20/12/2025)","Training
(21/12/2025-27/12/2025)","Kitchen
(28/12/2025-03/01/2026)"
1000138,Worker 138,"Security
(05/01/2025-11/01/2025)",,"Guarding Duties
(19/01/2025-25/01/2025)",,,,,,,,"Training
(16/03/2025-22/03/2025)",,"Test2
(30/03/2025-05/04/2025)",,,"Guarding Duties
(20/04/2025-26/04/2025)",,,,,,,"Test1
(08/06/2025-14/06/2025)",,,,,,"Guarding Duties
(20/07/2025-26/07/2025)","Guarding Duties
(27/07/2025-02/08/2025)",,"Guarding Duties
(10/08/2025-16/08/2025)","Cleaning
(17/08/2025-23/08/2025)",,"Test1
(31/08/2025-06/09/2025)",,,,,"Guarding Duties
(05/10/2025-11/10/2025)",,,,,,"Test1
(16/11/2025-22/11/2025)",,"Guarding Duties
(30/11/2025-06/12/2025)","Security
(07/12/2025-13/12/2025)",,"RASAR
(21/12/2025-27/12/2025)","Cleaning
(28/12/2025-03/01/2026)"
1000139,Worker 139,,,"Test2
(19/01/2025-25/01/2025)","Test1
(26/01/2025-01/02/2025)",,,,,"Test2
(02/03/2025-08/03/2025)",,,,,"Security
(06/04/2025-12/04/2025)",,,"Guarding Duties
(27/04/2025-03/05/2025)",,,,,"Kitchen
(01/06/2025-07/06/2025)",,,,,,,,,,"Maintenance
(10/08/2025-16/08/2025)","Test1
(17/08/2025-23/08/2025)",,"RASAR
(31/08/2025-06/09/2025)","Test1
(07/09/2025-13/09/2025)",,,,"Test1
(05/10/2025-11/10/2025)",,,,,,"Guarding Duties
(16/11/2025-22/11/2025)",,,"Maintenance
(07/12/2025-13/12/2025)",,,
1000140,Worker 140,,"Maintenance
(12/01/2025-18/01/2025)","Kitchen
(19/01/2025-25/01/2025)",,,"Kitchen
(09/02/2025-15/02/2025)",,,,,,,,,,,"Kitchen
(27/04/2025-03/05/2025)",,"Test3
(11/05/2025-17/05/2025)","Test1
(18/05/2025-24/05/2025)",,,"Kitchen
(08/06/2025-14/06/2025)","Test3
(15/06/2025-21/06/2025)",,,,,,"RASAR
(27/07/2025-02/08/2025)","Test1
(03/08/2025-09/08/2025)",,,"Security
(24/08/2025-30/08/2025)",,,,,,,"Guarding Duties
(12/10/2025-18/10/2025)","RASAR
(19/10/2025-25/10/2025)",,,,"Security
(16/11/2025-22/11/2025)","Guarding Duties
(23/11/2025-29/11/2025)",,,,,"Test2
(28/12/2025-03/01/2026)"
1000141,Worker 141,"Kitchen
(05/01/2025-11/01/2025)","Kitchen
(12/01/2025-18/01/2025)","Guarding Duties
(19/01/2025-25/01/2025)","Test3
(26/01/2025-01/02/2025)","Test1
(02/02/2025-08/02/2025)",,,,,,"Security
(16/03/2025-22/03/2025)",,,"Cleaning
(06/04/2025-12/04/2025)",,,,"Guarding Duties
(04/05/2025-10/05/2025)",,"Cleaning
(18/05/2025-24/05/2025)",,"RASAR
(01/06/2025-07/06/2025)",,,,,"Guarding Duties
(06/07/2025-12/07/2025)","RASAR
(13/07/2025-19/07/2025)","Training
(20/07/2025-26/07/2025)",,,"Training
(10/08/2025-16/08/2025)",,"Cleaning
(24/08/2025-30/08/2025)",,,,,,,,,"Training
(26/10/2025-01/11/2025)",,,,,,,,,"Training
(28/12/2025-03/01/2026)"
1000142,Worker 142,,,"Training
(19/01/2025-25/01/2025)",,,,,,"Test1
(02/03/2025-08/03/2025)",,,"Kitchen
(23/03/2025-29/03/2025)","Cleaning
(30/03/2025-05/04/2025)",,,,,,,,,"Maintenance
(01/06/2025-07/06/2025)",,,,"Training
(29/06/2025-05/07/2025)",,,,"RASAR
(27/07/2025-02/08/2025)",,,,"Guarding Duties
(24/08/2025-30/08/2025)","Training
(31/08/2025-06/09/2025)",,,"Maintenance
(21/09/2025-27/09/2025)","Security
(28/09/2025-04/10/2025)",,"Cleaning
(12/10/2025-18/10/2025)",,,,,"Test3
(16/11/2025-22/11/2025)",,"Test3
(30/11/2025-06/12/2025)",,,,
1000143,Worker 143,"Guarding Duties
(05/01/2025-11/01/2025)",,,,,,,,,,,,,,"Cleaning
(13/04/2025-19/04/2025)",,,"Security
(04/05/2025-10/05/2025)","Test2
(11/05/2025-17/05/2025)","Test2
(18/05/2025-24/05/2025)","Guarding Duties
(25/05/2025-31/05/2025)",,"Test3
(08/06/2025-14/06/2025)",,,"Test3
(29/06/2025-05/07/2025)","RASAR
(06/07/2025-12/07/2025)",,"Security
(20/07/2025-26/07/2025)",,,"Cleaning
(10/08/2025-16/08/2025)",,,,"Training
(07/09/2025-13/09/2025)","Test2
(14/09/2025-20/09/2025)",,,,"Test1
(12/10/2025-18/10/2025)",,"Test1
(26/10/2025-01/11/2025)","Training
(02/11/2025-08/11/2025)",,,"Test1
(23/11/2025-29/11/2025)",,,,,
1000144,Worker 144,,"Test3
(12/01/2025-18/01/2025)","Cleaning
(19/01/2025-25/01/2025)",,"Test3
(02/02/2025-08/02/2025)",,"Cleaning
(16/02/2025-22/02/2025)",,,"Kitchen
(09/03/2025-15/03/2025)","Cleaning
(16/03/2025-22/03/2025)",,"Maintenance
(30/03/2025-05/04/2025)","Kitchen
(06/04/2025-12/04/2025)",,,,"Security
(04/05/2025-10/05/2025)",,"Kitchen
(18/05/2025-24/05/2025)",,,"Guarding Duties
(08/06/2025-14/06/2025)",,"Test2
(22/06/2025-28/06/2025)",,,,,"Training
(27/07/2025-02/08/2025)",,,,"Kitchen
(24/08/2025-30/08/2025)","Test1
(31/08/2025-06/09/2025)","Test3
(07/09/2025-13/09/2025)",,"RASAR
(21/09/2025-27/09/2025)",,"Test1
(05/10/2025-11/10/2025)",,,"Cleaning
(26/10/2025-01/11/2025)",,,"Kitchen
(16/11/2025-22/11/2025)",,"RASAR
(30/11/2025-06/12/2025)",,,,
1000145,Worker 145,"Kitchen
(05/01/2025-11/01/2025)",,,,"Test1
(02/02/2025-08/02/2025)",,"Cleaning
(16/02/2025-22/02/2025)",,,,,,,,"Kitchen
(13/04/2025-19/04/2025)",,,,,"Test1
(18/05/2025-24/05/2025)",,,,,,,,,"Kitchen
(20/07/2025-26/07/2025)","Kitchen
(27/07/2025-02/08/2025)",,"Test1
(10/08/2025-16/08/2025)",,,"Guarding Duties
(31/08/2025-06/09/2025)","Test2
(07/09/2025-13/09/2025)",,,,,"RASAR
(12/10/2025-18/10/2025)","Test3
(19/10/2025-25/10/2025)","Security
(26/10/2025-01/11/2025)",,,,,"RASAR
(30/11/2025-06/12/2025)",,,"Cleaning
(21/12/2025-27/12/2025)",
1000146,Worker 146,,"Maintenance
(12/01/2025-18/01/2025)","Test2
(19/01/2025-25/01/2025)",,,,,,"Test3
(02/03/2025-08/03/2025)",,,,"Training
(30/03/2025-05/04/2025)",,"Maintenance
(13/04/2025-19/04/2025)",,"Training
(27/04/2025-03/05/2025)",,,,,,,,,,,,,,,,"Test2
(17/08/2025-23/08/2025)",,"Maintenance
(31/08/2025-06/09/2025)",,,,,,"Test3
(12/10/2025-18/10/2025)",,,"Training
(02/11/2025-08/11/2025)",,,,"Test2
(30/11/2025-06/12/2025)",,,"Kitchen
(21/12/2025-27/12/2025)",
1000147,Worker 147,,,,,"Test3
(02/02/2025-08/02/2025)",,"Maintenance
(16/02/2025-22/02/2025)","Guarding Duties
(23/02/2025-01/03/2025)","Test3
(02/03/2025-08/03/2025)",,,"Kitchen
(23/03/2025-29/03/2025)","Test2
(30/03/2025-05/04/2025)",,,,,,"Security
(11/05/2025-17/05/2025)",,"Maintenance
(25/05/2025-31/05/2025)",,"Test1
(08/06/2025-14/06/2025)",,,,"Test1
(06/07/2025-12/07/2025)",,,,,"Maintenance
(10/08/2025-16/08/2025)","Test1
(17/08/2025-23/08/2025)",,,"Training
(07/09/2025-13/09/2025)",,,,,"Test3
(12/10/2025-18/10/2025)",,"Cleaning
(26/10/2025-01/11/2025)",,"Security
(09/11/2025-15/11/2025)",,,"Kitchen
(30/11/2025-06/12/2025)",,,,
1000148,Worker 148,"Test2
(05/01/2025-11/01/2025)","Security
(12/01/2025-18/01/2025)","Test3
(19/01/2025-25/01/2025)",,"Training
(02/02/2025-08/02/2025)","Training
(09/02/2025-15/02/2025)",,,"Test2
(02/03/2025-08/03/2025)",,,,"Kitchen
(30/03/2025-05/04/2025)",,"Guarding Duties
(13/04/2025-19/04/2025)","Test3
(20/04/2025-26/04/2025)",,,,"Test3
(18/05/2025-24/05/2025)",,"Test1
(01/06/2025-07/06/2025)","Test1
(08/06/2025-14/06/2025)",,,,,,"Security
(20/07/2025-26/07/2025)",,,"Test1
(10/08/2025-16/08/2025)",,,,,,,,,,,,"Cleaning
(02/11/2025-08/11/2025)",,"Guarding Duties
(16/11/2025-22/11/2025)",,,,"Maintenance
(14/12/2025-20/12/2025)",,"Maintenance
(28/12/2025-03/01/2026)"
1000149,Worker 149,,,,"Test1
(26/01/2025-01/02/2025)",,,,,,,,,,,,,,,"Cleaning
(11/05/2025-17/05/2025)",,,,,"Guarding Duties
(15/06/2025-21/06/2025)","Test3
(22/06/2025-28/06/2025)","Test3
(29/06/2025-05/07/2025)","Kitchen
(06/07/2025-12/07/2025)",,"RASAR
(20/07/2025-26/07/2025)",,"Test3
(03/08/2025-09/08/2025)","RASAR
(10/08/2025-16/08/2025)","Security
(17/08/2025-23/08/2025)",,"Guarding Duties
(31/08/2025-06/09/2025)",,,,,,"Maintenance
(12/10/2025-18/10/2025)","Test3
(19/10/2025-25/10/2025)",,"Cleaning
(02/11/2025-08/11/2025)","Test1
(09/11/2025-15/11/2025)",,,,"Test1
(07/12/2025-13/12/2025)",,,
1000150,Worker 150,,"Cleaning
(12/01/2025-18/01/2025)","Kitchen
(19/01/2025-25/01/2025)",,,"RASAR
(09/02/2025-15/02/2025)","Test3
(16/02/2025-22/02/2025)",,,"Training
(09/03/2025-15/03/2025)",,,"Maintenance
(30/03/2025-05/04/2025)",,"Cleaning
(13/04/2025-19/04/2025)","Training
(20/04/2025-26/04/2025)","Test3
(27/04/2025-03/05/2025)",,"Test2
(11/05/2025-17/05/2025)",,,,,,,,,"Kitchen
(13/07/2025-19/07/2025)",,"Cleaning
(27/07/2025-02/08/2025)",,"Security
(10/08/2025-16/08/2025)",,,,,"Test2
(14/09/2025-20/09/2025)","Test1
(21/09/2025-27/09/2025)","Security
(28/09/2025-04/10/2025)",,,,,"RASAR
(02/11/2025-08/11/2025)","Test1
(09/11/2025-15/11/2025)",,,,,"Test1
(14/12/2025-20/12/2025)",,"Test1
(28/12/2025-03/01/2026)"
